level,place,active_time,study_place_condition,movement_effect,light_air,phone_usage,phone_effect,biggest_distraction,stress_effect,sleep_effect,after_long_study,liked_subject_focus,not_understanding_action,goal_effect,satisfaction,comparison_classroom,productivity,main_problem,improvement,target
3,0,3,0,2,0,2,2,2,1,0,2,1,1,0,0,2,2,3,3,0
3,1,3,1,2,0,1,1,0,2,0,0,0,1,1,2,1,1,11,6,1
3,0,3,2,2,0,1,2,3,2,2,2,0,1,0,0,1,2,33,11,0
3,1,3,0,2,0,2,2,0,2,0,0,1,1,0,1,1,1,4,0,1
3,0,2,1,0,1,1,1,3,2,0,2,1,1,2,0,0,2,23,13,0
3,0,2,1,2,0,1,1,3,2,0,0,1,0,0,1,1,1,17,4,1
3,0,3,0,1,1,0,2,0,2,0,2,3,1,0,0,2,2,39,10,0
3,0,1,1,2,1,2,1,2,2,2,0,1,1,0,2,1,0,39,12,0
3,1,2,2,1,0,2,1,3,0,1,2,0,1,2,1,2,2,24,7,0
3,0,0,0,2,0,2,2,2,1,0,2,1,2,0,1,2,1,8,2,1
3,0,2,0,1,0,2,2,2,2,0,2,0,1,0,0,1,1,4,12,1
3,3,3,0,1,1,3,1,2,2,2,2,2,2,1,1,2,0,4,11,0
3,0,3,2,2,0,2,2,2,2,0,2,1,1,0,1,2,2,5,15,0
3,1,1,2,2,0,2,2,1,1,0,2,0,2,0,1,1,1,39,9,1
3,0,2,1,1,0,2,2,1,0,1,2,1,1,0,1,2,1,36,2,1
3,1,2,2,2,0,2,1,2,1,0,2,1,1,0,1,1,1,11,3,1
3,1,3,0,2,1,2,2,3,2,2,2,1,0,0,0,1,1,34,9,1
3,0,3,0,2,0,2,1,0,1,0,2,1,1,0,1,1,1,34,12,1
5,3,2,2,2,0,2,0,3,0,1,1,0,1,0,1,1,1,8,14,1
3,0,2,2,2,0,2,2,3,0,0,2,1,1,0,1,1,1,19,6,1
3,0,3,1,1,0,2,0,1,1,1,1,3,0,0,1,1,1,2,10,1
3,1,2,0,2,1,2,2,2,1,0,2,3,1,2,0,2,2,37,15,0
2,3,3,3,0,2,3,1,1,2,2,0,0,0,1,2,0,0,16,8,0
3,1,2,1,2,0,3,1,3,2,0,2,0,1,0,1,1,1,22,6,1
3,0,2,2,2,1,2,2,2,2,0,1,1,1,0,1,1,1,18,7,1
3,0,1,2,2,0,2,2,2,1,0,2,1,1,2,0,1,1,8,2,1
3,1,0,0,2,2,2,2,2,1,0,2,3,1,2,1,1,0,30,4,0
3,0,2,0,2,1,2,2,0,1,0,1,3,1,2,0,2,2,26,0,0
3,0,3,2,1,0,2,2,0,2,2,0,1,1,0,1,1,1,31,6,1
3,1,3,1,1,1,2,2,2,1,0,2,3,1,0,0,2,2,5,12,0
3,1,2,0,2,0,2,1,0,2,0,2,0,1,0,1,2,2,8,1,0
3,1,2,0,2,1,1,2,3,2,2,1,1,2,0,1,1,1,8,10,1
3,1,2,1,2,1,1,2,3,1,0,2,1,2,2,0,1,1,29,10,1
3,0,3,2,2,0,2,1,0,2,0,2,3,2,0,1,2,2,11,6,0
3,0,2,0,2,2,1,1,3,2,0,2,3,1,0,1,1,2,25,4,0
3,1,1,0,2,0,2,1,3,0,0,2,3,1,0,1,0,1,4,9,1
3,0,3,0,2,0,1,2,2,1,0,2,1,1,0,0,2,2,28,1,0
3,0,2,0,2,0,1,2,3,0,1,1,1,2,0,1,1,1,34,0,1
3,1,2,2,2,0,3,2,0,2,1,1,3,0,0,0,2,2,26,12,0
4,0,2,2,0,0,1,1,2,2,2,0,0,0,2,1,1,1,16,2,1
3,0,2,0,2,0,2,1,3,2,0,2,1,1,0,1,1,1,21,9,1
3,1,3,2,2,1,2,2,0,2,0,2,1,1,0,1,1,1,16,7,1
4,0,2,2,2,0,2,1,2,2,0,2,0,1,2,1,1,1,8,6,1
3,0,3,0,2,0,1,2,2,2,0,0,1,2,0,0,1,1,34,0,1
4,0,2,0,0,1,1,1,3,2,2,2,1,1,2,0,2,2,35,0,0
3,1,2,0,0,0,1,1,3,2,0,2,3,1,0,0,0,2,8,0,0
3,1,2,2,2,0,2,2,3,2,0,2,1,0,0,1,1,1,26,0,1
3,0,2,0,2,1,2,2,2,1,0,2,1,2,0,1,1,1,2,9,1
4,0,2,0,2,0,2,1,2,2,0,2,1,1,0,1,1,1,5,14,1
3,0,2,0,2,1,2,2,2,2,0,2,0,1,0,1,2,1,17,5,1
1,1,2,2,2,0,2,1,0,2,2,2,1,1,0,1,2,2,6,11,0
3,1,3,1,0,1,3,1,3,2,2,0,1,1,2,1,1,1,17,7,1
4,0,3,2,0,0,3,1,3,2,0,2,0,1,2,0,1,1,5,14,1
3,2,1,0,2,0,2,0,3,2,1,1,3,1,0,0,1,2,23,15,0
3,0,2,0,2,1,2,1,3,2,0,2,1,1,0,1,1,1,13,15,1
3,0,2,2,2,0,1,1,0,1,0,2,3,1,0,1,2,1,8,6,1
3,0,1,1,2,2,3,1,2,2,0,2,1,2,2,0,2,1,23,14,1
3,0,3,2,1,0,0,0,0,1,1,1,1,2,0,1,1,1,2,10,1
4,0,1,2,2,0,2,1,3,2,1,2,1,1,0,1,1,1,2,12,1
4,0,2,2,1,1,2,1,0,2,0,2,3,1,2,1,2,2,16,7,0
3,0,2,2,1,0,2,1,1,2,1,2,1,2,0,1,0,2,15,7,0
4,0,2,0,1,0,0,0,0,1,1,2,1,1,0,0,2,2,4,10,0
3,3,2,0,2,1,2,1,0,2,0,2,1,2,0,1,0,0,4,12,0
3,1,3,1,0,1,1,1,2,2,0,2,0,1,2,0,0,1,20,12,1
3,1,2,1,2,0,2,2,2,2,0,2,1,1,2,0,1,2,30,2,0
3,1,3,1,1,1,1,2,3,2,2,2,1,2,0,1,1,1,20,11,1
4,0,2,0,1,0,2,2,3,2,0,2,3,1,0,1,2,1,24,0,1
3,1,1,1,1,1,3,0,2,2,2,0,3,2,2,1,0,2,13,0,0
4,0,1,1,1,2,0,2,2,2,0,1,3,1,0,2,0,1,5,13,1
4,0,2,2,1,0,0,1,3,0,0,2,1,2,0,1,2,1,4,12,1
3,0,1,2,1,0,2,1,3,1,2,1,1,2,2,1,1,1,8,12,1
3,0,2,2,2,0,2,1,2,2,0,2,1,1,0,1,1,1,39,0,1
3,0,3,0,2,0,2,1,3,2,0,2,0,2,0,1,1,1,4,12,1
3,0,2,0,2,0,2,1,3,2,0,1,1,1,0,1,2,2,4,12,0
3,0,3,2,2,0,2,1,2,2,0,2,1,1,2,0,1,1,14,6,1
3,0,3,2,0,0,0,2,3,1,0,1,1,2,0,1,0,2,4,0,0
3,0,1,1,2,0,2,2,2,2,0,2,3,1,2,0,0,2,14,5,0
4,0,2,1,2,0,2,2,3,2,1,2,0,1,0,1,1,1,25,13,1
4,0,2,0,2,0,3,1,3,2,1,2,1,2,0,1,1,1,4,12,1
3,0,2,2,2,0,2,1,1,2,0,2,0,2,0,0,2,2,10,10,0
4,0,2,2,0,0,0,0,3,0,0,2,1,2,0,1,2,1,0,0,1
3,0,2,1,0,1,1,1,0,2,0,2,3,0,2,0,2,2,16,7,0
3,0,1,0,2,1,1,1,3,2,0,2,0,1,2,0,2,2,12,12,0
3,0,2,2,2,1,2,1,0,1,2,2,1,0,2,1,1,1,4,6,1
0,2,2,0,2,0,0,0,3,0,1,1,1,2,0,0,2,2,0,0,0
4,0,2,2,2,0,2,1,3,2,0,2,0,1,0,1,1,1,4,4,1
4,0,2,2,2,0,2,1,0,0,0,2,0,2,0,1,1,1,4,12,1
3,0,3,0,1,0,1,1,2,2,2,0,0,0,2,1,1,1,2,12,1
3,0,1,1,0,1,1,1,3,2,0,2,1,1,2,0,1,1,7,13,1
3,0,2,0,1,1,2,2,0,1,1,1,1,2,0,0,2,2,4,9,0
3,0,2,0,2,1,2,1,3,2,0,0,1,1,0,1,2,2,13,6,0
4,0,2,2,1,0,0,0,3,0,1,1,1,2,0,1,1,1,4,0,1
4,0,2,0,2,0,2,1,0,1,2,0,3,1,2,0,2,1,4,12,1
4,2,2,0,2,1,0,0,1,0,1,1,1,1,0,1,1,1,1,10,1
4,0,3,2,0,0,2,2,0,1,1,1,0,1,2,1,1,2,4,0,0
3,3,3,2,2,0,2,2,3,2,0,2,2,1,1,2,2,2,4,0,0
3,0,2,2,2,0,2,2,0,2,0,2,1,1,0,1,1,1,32,14,1
3,0,2,2,0,0,2,1,3,2,2,2,1,1,2,1,1,1,34,0,1
3,3,3,1,1,1,2,2,1,1,0,2,0,1,0,1,1,2,3,9,0
4,0,3,0,2,0,0,0,1,2,0,2,1,2,0,1,1,1,3,10,1
4,1,3,0,2,0,2,2,3,1,0,2,1,2,0,1,1,1,4,7,1
3,0,2,0,2,0,2,2,3,1,0,2,1,1,0,0,1,1,5,4,1
3,0,3,2,1,0,1,2,0,1,0,1,1,1,0,1,1,1,24,7,1
3,0,2,2,0,0,2,1,3,2,0,2,1,1,0,1,1,2,4,0,0
3,0,1,0,2,0,2,1,3,1,2,2,3,1,0,2,2,1,9,4,1
3,1,2,0,1,1,2,0,1,2,0,0,1,1,0,1,1,1,38,3,1
3,0,1,0,2,0,2,1,3,1,2,2,1,1,0,0,2,2,22,11,0
3,0,3,0,2,0,1,1,3,2,2,0,1,0,0,1,1,2,16,6,0
3,0,1,2,1,0,2,2,3,1,0,2,1,2,0,0,1,1,4,10,1
3,0,2,2,2,1,2,2,3,1,1,1,3,1,2,1,2,2,4,0,0
4,0,2,2,0,0,2,1,0,2,2,2,1,2,0,1,1,2,4,0,0
3,0,2,0,2,0,2,1,3,2,2,2,1,1,0,1,1,1,13,7,1
3,0,3,2,2,0,1,2,0,0,0,1,1,1,0,0,2,1,10,7,1
3,0,2,1,2,2,2,0,3,0,0,2,1,2,2,1,1,2,16,3,0
3,1,2,3,0,0,0,2,0,2,1,0,1,2,1,1,1,1,27,0,1
3,0,3,0,1,1,2,2,3,2,0,2,1,1,0,1,1,1,36,12,1
1,0,1,0,1,0,2,1,1,1,0,1,2,1,0,1,0,1,32,4,1
0,0,2,2,1,0,1,0,0,1,0,0,1,1,0,0,0,1,23,14,1
3,2,1,0,0,1,1,0,2,0,0,1,1,0,0,0,1,1,2,2,1
3,0,1,1,1,1,2,0,1,1,1,0,1,1,1,0,0,0,33,8,0
3,0,2,0,1,0,1,0,2,0,0,1,2,0,0,0,1,0,38,3,0
2,2,0,1,0,0,2,0,0,0,1,0,2,1,0,1,0,1,7,8,1
0,0,0,2,1,1,1,0,1,1,1,0,0,1,0,0,0,1,11,12,1
1,2,2,2,0,1,0,1,0,0,0,1,2,0,1,1,1,0,18,11,0
3,1,1,1,1,0,0,1,2,0,0,0,0,1,0,0,0,0,24,11,0
0,1,1,1,0,1,0,1,2,0,1,1,0,0,1,1,1,1,15,6,1
4,0,2,0,0,0,2,0,0,1,1,0,2,0,0,1,1,1,19,3,1
0,0,1,1,1,1,0,0,1,1,1,1,0,1,1,1,1,1,14,5,1
2,0,1,1,0,1,0,1,1,1,0,1,1,0,0,1,0,1,16,1,1
1,2,2,2,0,0,1,0,0,1,0,0,0,0,1,0,1,0,2,5,0
0,0,0,2,1,1,2,0,1,0,0,1,0,0,0,0,1,0,13,3,0
1,2,1,2,0,1,2,0,0,0,0,1,0,1,0,1,1,0,1,8,0
1,2,1,1,1,1,2,1,1,0,1,1,0,0,1,1,0,0,11,7,0
1,0,2,0,0,1,0,0,1,1,1,1,1,0,1,1,1,0,18,14,0
4,0,0,2,1,0,2,0,1,0,1,1,2,0,0,0,0,1,2,7,1
0,1,0,2,1,1,1,1,0,0,0,1,1,0,1,1,1,1,32,14,1
4,1,0,1,1,1,2,0,0,0,0,0,2,1,1,0,1,1,35,13,1
2,1,1,2,0,1,2,1,0,0,0,0,1,0,0,0,0,1,13,12,1
0,2,2,1,0,0,2,1,1,1,0,1,2,1,0,1,0,1,0,6,1
3,2,0,0,0,0,1,1,0,1,1,0,1,0,1,1,1,1,6,2,1
4,2,2,0,0,0,1,1,1,1,1,0,2,1,0,1,1,1,9,12,1
0,0,0,1,0,1,0,0,2,1,1,0,2,1,0,1,0,0,29,13,0
3,2,0,0,1,0,1,0,2,1,1,0,0,0,1,0,0,1,28,12,1
2,2,0,2,1,0,1,1,0,0,1,1,1,0,1,0,0,1,27,7,1
0,2,0,2,1,0,0,0,0,1,0,0,2,0,0,0,0,0,17,5,0
2,2,2,0,1,0,2,0,2,1,0,0,2,0,1,1,0,0,34,2,0
0,2,0,1,0,1,0,1,1,0,0,1,1,1,0,0,0,0,36,13,0
2,0,2,0,1,0,1,1,2,1,0,1,0,1,0,0,0,0,19,2,0
3,1,1,2,1,0,1,1,2,1,0,1,2,0,0,1,1,1,25,1,1
0,1,0,1,0,0,0,1,0,1,0,0,1,0,0,1,1,1,2,10,1
0,2,1,0,1,1,2,1,1,1,0,1,0,0,0,1,0,1,3,12,1
4,0,2,0,1,0,0,0,1,1,1,0,0,0,1,0,1,0,38,3,0
3,1,2,2,1,0,2,1,1,0,0,1,1,0,0,1,0,0,31,14,0
1,2,2,2,0,1,2,0,2,1,1,1,0,0,0,0,1,1,7,10,1
0,0,1,2,0,1,1,1,0,1,0,1,0,0,0,0,0,0,9,2,0
1,0,0,2,0,0,0,0,1,0,1,0,1,0,0,0,0,0,20,13,0
1,2,1,0,0,1,1,0,0,0,1,1,1,1,1,0,0,0,17,1,0
0,0,2,1,1,1,0,0,1,0,1,0,2,0,1,0,1,1,13,11,1
4,1,0,0,0,1,0,1,2,0,0,0,2,0,0,1,0,0,4,14,0
3,0,0,0,0,1,1,0,2,0,0,0,0,1,1,0,1,0,19,4,0
2,1,1,2,1,0,2,0,0,0,1,0,2,0,0,1,1,0,25,7,0
2,1,0,2,0,1,2,1,1,0,0,1,1,1,1,1,1,1,31,5,1
4,2,1,1,1,0,2,1,1,0,1,1,2,1,0,1,0,0,8,2,0
0,1,0,0,1,1,2,0,1,0,1,0,1,0,1,0,0,0,35,5,0
3,1,1,2,1,1,0,1,1,1,1,0,0,1,1,1,0,0,14,6,0
0,1,1,1,1,0,1,0,0,0,0,1,0,1,1,0,1,0,25,11,0
0,2,0,1,1,0,0,0,2,0,0,0,1,1,0,0,1,0,30,4,0
1,1,1,1,1,1,2,0,0,1,1,1,0,1,1,0,1,1,2,12,1
2,2,1,0,1,1,2,1,0,0,0,0,0,1,0,1,1,0,34,10,0
2,2,1,2,0,1,0,0,0,1,1,0,1,0,0,1,1,0,33,1,0
1,2,2,1,0,0,2,0,0,0,0,1,1,0,1,1,1,1,15,14,1
2,0,2,0,0,0,1,1,1,0,0,0,1,1,1,0,1,0,13,3,0
0,0,0,2,1,0,2,0,0,0,0,1,0,1,1,0,1,0,4,1,0
1,0,0,1,0,0,2,0,2,0,1,0,1,1,1,0,0,0,15,8,0
0,2,2,2,0,1,1,0,1,1,0,1,2,0,1,1,0,1,11,5,1
3,1,0,2,1,1,2,0,1,0,1,0,2,1,1,1,0,0,11,9,0
3,0,2,2,1,1,2,1,1,1,0,0,1,0,1,1,1,0,33,9,0
1,2,1,0,1,1,2,0,0,0,0,1,2,0,1,0,0,0,2,7,0
3,2,0,1,0,0,0,0,2,0,0,0,1,1,0,1,0,0,27,10,0
3,0,0,2,0,1,1,0,1,1,0,0,0,0,1,0,1,1,29,8,1
0,0,2,1,1,1,1,0,0,1,1,1,2,0,1,1,0,0,37,6,0
4,1,0,0,1,0,0,0,1,1,0,1,1,1,0,0,0,0,34,2,0
4,0,2,2,1,1,1,0,1,1,1,0,2,0,0,0,0,1,23,4,1
1,1,0,1,0,1,1,1,2,1,0,1,1,0,1,0,1,0,23,3,0
2,2,1,0,1,0,2,0,1,1,1,1,1,0,1,0,1,0,11,13,0
0,1,0,2,1,0,2,0,0,0,0,0,2,0,1,1,1,1,2,0,1
2,2,2,2,1,1,1,1,1,0,0,0,2,0,1,1,0,0,16,11,0
3,0,0,1,1,1,1,0,2,0,0,1,2,1,0,0,1,0,30,9,0
4,2,0,0,1,1,2,0,0,1,0,1,0,1,1,0,0,0,22,12,0
1,2,1,0,0,1,1,1,2,0,1,1,2,1,1,1,1,1,2,4,1
4,2,1,1,0,1,2,0,1,1,0,0,0,1,1,0,1,1,32,2,1
1,1,1,1,1,0,1,1,2,0,0,1,2,1,0,1,0,1,19,9,1
2,1,0,1,1,1,1,1,2,1,0,1,2,1,1,0,1,0,27,5,0
0,1,2,2,1,0,0,1,0,1,1,0,2,0,1,0,1,1,25,12,1
3,0,2,2,1,1,0,1,1,0,0,1,1,0,0,0,0,1,17,11,1
3,0,1,1,1,0,1,0,0,0,1,0,2,0,0,0,1,0,8,4,0
4,0,2,2,1,1,0,0,0,0,1,1,0,1,0,1,0,0,11,6,0
2,1,2,1,0,1,1,0,0,1,0,0,2,1,1,0,1,1,14,9,1
0,1,1,1,0,0,1,1,1,1,0,1,1,0,0,0,0,1,23,11,1
0,1,2,0,0,1,0,0,1,1,0,1,1,1,1,1,1,0,28,13,0
1,1,0,1,1,0,2,1,1,0,0,1,0,0,1,1,1,0,38,5,0
2,0,0,0,1,0,2,1,2,1,0,0,1,0,1,0,0,1,12,5,1
1,1,0,2,0,1,2,1,2,1,0,0,2,1,0,1,0,0,1,6,0
4,2,0,1,0,0,1,1,0,1,1,0,2,0,0,1,1,1,12,1,1
2,1,1,2,1,1,1,0,0,1,0,0,2,0,1,0,1,0,24,11,0
2,2,2,1,1,1,2,0,0,1,1,1,0,1,1,0,0,1,5,5,1
3,1,2,2,1,0,1,0,2,1,1,0,2,0,1,0,1,0,9,4,0
0,1,2,1,1,1,0,1,0,0,1,0,2,1,0,1,0,0,5,9,0
0,1,2,2,1,1,1,1,0,0,1,0,0,1,1,0,1,1,7,2,1
3,0,2,1,1,1,0,0,0,1,0,1,1,0,0,1,1,1,7,13,1
1,2,2,1,0,0,0,1,1,1,0,0,1,1,0,1,0,0,10,2,0
0,2,0,1,1,1,1,1,1,0,0,0,0,1,1,1,1,0,9,8,0
4,2,0,1,0,1,1,1,2,0,1,1,2,0,1,1,0,0,27,11,0
0,1,1,1,1,1,0,1,0,1,1,1,2,1,0,0,1,1,16,14,1
0,0,1,1,0,0,0,1,2,0,1,1,2,1,1,0,0,0,20,9,0
2,0,0,0,1,1,0,1,0,0,0,1,0,1,0,1,0,1,20,2,1
1,2,0,1,0,1,0,1,0,1,1,1,2,1,0,1,0,0,7,13,0
4,2,1,0,1,1,0,1,2,0,1,1,0,0,1,0,0,0,19,3,0
1,1,2,2,1,1,0,0,1,0,1,1,2,1,0,1,1,1,38,11,1
4,1,2,1,0,1,1,0,1,1,0,0,0,1,1,1,1,1,22,13,1
3,0,0,2,1,0,2,0,2,0,1,1,1,1,0,0,1,0,16,7,0
2,1,1,2,0,1,1,0,1,1,1,1,2,1,0,1,0,0,2,10,0
4,2,1,0,1,0,0,0,0,1,1,1,2,1,0,1,0,1,27,14,1
2,2,0,1,0,1,1,1,0,1,0,1,0,0,0,0,1,1,20,13,1
4,0,2,1,1,1,2,1,1,0,0,1,0,1,1,0,0,1,6,1,1
3,0,2,1,1,0,1,1,1,0,0,0,2,0,1,1,1,1,31,3,1
2,0,1,2,1,1,2,1,1,1,1,0,0,0,1,1,1,0,18,10,0
2,2,2,0,0,1,2,0,1,1,1,1,2,1,0,1,1,0,14,4,0
4,2,2,0,0,1,2,1,1,0,0,0,0,1,1,0,1,1,8,13,1
1,0,1,1,1,1,2,0,2,1,1,0,0,1,0,0,1,0,16,10,0
3,2,1,2,1,1,0,1,1,0,1,0,0,0,0,0,0,1,38,1,1
0,2,1,2,0,1,0,1,2,0,1,1,2,0,1,1,1,1,34,11,1
4,1,1,2,1,0,2,1,1,0,1,0,1,0,1,0,0,1,15,11,1
4,1,2,0,1,0,0,1,1,1,0,1,2,1,0,1,1,1,22,0,1
3,0,1,0,1,1,2,0,0,0,0,0,1,0,0,0,0,1,24,3,1
0,0,2,2,0,1,0,1,0,0,1,0,1,1,0,0,0,1,13,1,1
4,0,2,0,1,1,1,1,2,0,1,1,2,1,1,0,0,0,35,6,0
3,1,1,2,0,1,0,0,2,1,0,0,0,0,0,1,0,0,22,9,0
1,0,0,0,0,0,0,1,1,1,1,1,2,1,0,0,0,0,4,1,0
2,2,2,2,1,1,0,0,0,0,1,0,1,1,1,1,1,1,10,11,1
4,1,0,0,0,0,1,0,1,1,1,1,0,0,1,0,0,0,29,8,0
1,1,1,2,1,1,2,0,0,0,1,1,2,1,0,1,0,0,11,1,0
0,1,0,0,0,1,0,1,0,1,1,1,1,1,1,0,0,1,26,12,1
0,0,0,1,0,0,2,0,2,1,1,0,0,0,1,1,1,0,36,4,0
4,0,1,0,1,1,2,0,2,1,1,1,2,1,1,0,1,1,24,10,1
4,1,2,2,1,0,2,0,2,1,0,1,2,0,1,1,1,0,28,11,0
0,2,2,2,0,1,0,1,2,1,0,1,0,0,1,1,0,0,4,7,0
3,0,1,2,1,0,0,0,0,0,1,0,2,0,1,0,0,0,21,2,0
2,2,1,2,0,1,2,0,1,0,0,1,2,1,0,1,0,0,20,5,0
2,0,1,1,0,0,2,0,0,0,0,0,1,0,0,0,1,1,0,2,1
2,2,0,2,1,0,1,1,0,1,0,0,0,1,1,1,0,0,31,4,0
2,2,2,2,0,0,0,0,1,1,0,0,1,1,0,1,0,0,13,2,0
1,1,0,1,1,0,2,1,0,0,0,0,1,1,0,0,1,0,33,8,0
0,0,0,2,0,1,2,1,1,1,0,0,1,1,0,1,0,0,30,3,0
0,0,2,0,1,0,1,0,2,1,1,0,2,1,1,0,1,1,4,14,1
1,1,0,2,0,0,1,0,1,0,1,1,0,1,0,1,0,0,29,1,0
4,0,1,1,0,1,1,0,0,1,1,1,1,1,1,0,0,0,21,5,0
0,1,1,2,1,1,2,0,2,1,0,0,1,0,1,0,1,1,19,10,1
3,1,1,1,0,0,0,1,2,1,1,0,2,1,1,1,1,0,28,6,0
1,1,2,1,0,1,0,1,2,0,0,1,1,0,0,1,1,0,11,11,0
2,2,0,0,1,1,0,0,2,1,1,0,2,0,0,0,0,1,19,7,1
2,0,2,1,0,1,0,0,0,0,1,0,0,0,1,0,1,0,30,13,0
2,2,0,2,1,0,1,0,1,0,1,0,1,0,0,1,0,1,36,13,1
2,2,2,1,0,0,0,0,2,0,1,0,1,1,1,0,1,1,38,4,1
0,0,2,2,0,1,2,1,2,1,1,0,2,0,0,0,1,1,30,9,1
1,0,0,0,0,1,2,1,0,0,1,1,0,0,0,0,1,1,8,9,1
2,1,2,0,1,1,1,1,2,1,0,1,1,0,1,1,1,1,30,13,1
4,1,1,0,0,0,0,1,2,1,1,1,0,1,1,0,1,0,21,3,0
1,0,1,1,1,0,2,1,0,0,1,1,1,0,1,1,1,0,27,1,0
0,1,2,1,0,1,0,1,0,1,1,0,1,0,1,1,0,0,36,4,0
2,1,0,1,1,0,0,1,2,0,0,1,0,1,1,0,1,0,27,7,0
3,0,2,1,0,1,0,0,1,0,1,1,1,1,0,1,1,0,2,13,0
3,1,0,1,0,0,2,0,0,1,1,1,0,0,1,0,1,0,25,7,0
0,2,0,2,1,0,1,1,2,0,1,0,1,1,1,0,1,0,29,0,0
3,0,1,0,0,0,2,0,2,0,1,1,0,1,0,0,0,0,3,14,0
2,1,0,0,0,0,0,1,2,1,1,0,0,0,1,1,1,1,36,8,1
1,0,1,1,0,1,0,1,2,1,1,1,1,0,1,0,1,0,23,12,0
4,1,2,0,1,1,2,0,0,1,1,1,1,0,1,0,1,1,25,8,1
0,2,2,2,1,0,1,0,0,1,0,1,2,1,0,0,0,1,28,10,1
1,2,0,0,0,1,2,0,1,0,0,0,2,1,0,0,0,1,31,3,1
2,2,0,1,0,0,2,0,0,0,0,0,2,0,0,0,1,1,8,3,1
2,0,1,2,1,0,1,1,1,1,1,1,0,0,0,0,0,0,29,11,0
0,2,2,1,1,1,0,1,1,1,1,0,1,0,1,0,0,0,35,8,0
0,2,1,2,0,0,2,0,0,0,1,1,0,0,1,0,0,0,18,4,0
4,2,0,2,1,1,2,0,2,0,0,0,2,1,1,1,0,1,38,3,1
2,2,1,1,0,0,0,0,2,1,0,1,0,0,0,0,0,0,4,1,0
4,1,1,0,1,0,1,0,0,0,1,0,0,0,1,0,0,1,16,9,1
2,1,2,2,0,1,2,1,1,1,0,0,2,0,0,0,1,1,18,12,1
2,0,1,2,1,0,1,1,1,0,1,1,2,0,0,0,1,1,11,12,1
2,2,2,0,0,1,2,0,2,1,1,0,1,1,1,0,0,0,8,11,0
1,2,1,2,0,1,0,1,2,0,0,0,0,1,0,0,0,1,16,12,1
4,2,2,2,0,1,1,0,0,0,1,1,1,1,1,0,1,1,9,5,1
3,1,0,0,0,0,1,0,2,1,0,0,1,1,1,1,1,0,3,8,0
4,1,0,2,1,1,1,0,2,0,1,0,2,1,0,1,1,1,29,1,1
0,1,2,2,0,0,2,0,1,0,0,0,1,1,1,0,1,0,15,7,0
1,0,1,2,0,1,2,0,1,0,1,1,0,0,1,1,0,0,27,1,0
3,0,0,1,0,1,2,0,1,0,1,1,0,1,0,1,0,0,11,8,0
1,1,1,2,1,1,0,0,1,0,0,1,1,1,0,1,1,1,29,6,1
3,1,2,0,0,0,1,1,2,1,0,1,2,1,0,1,0,1,18,7,1
0,0,2,1,1,1,0,1,0,1,1,1,0,1,1,0,0,0,14,12,0
3,0,2,1,1,0,0,1,1,1,1,1,2,0,1,0,0,1,34,6,1
4,2,0,0,0,0,2,1,1,1,1,0,1,0,0,1,0,1,9,11,1
1,0,0,1,0,1,2,0,1,0,1,0,1,0,0,0,0,1,11,4,1
4,0,2,1,0,0,1,1,1,0,0,1,2,1,0,0,0,1,12,9,1
0,1,0,1,0,1,0,0,2,0,1,0,0,1,1,0,1,1,25,2,1
1,2,0,0,0,1,1,0,0,1,1,1,1,1,1,0,0,0,32,7,0
1,2,2,2,1,0,1,1,1,1,1,1,1,0,0,1,1,0,5,8,0
3,1,2,2,0,1,1,0,1,1,1,0,1,1,1,0,1,1,15,0,1
4,0,1,2,1,0,0,0,2,0,1,0,2,1,0,0,1,0,34,10,0
3,2,1,0,1,1,1,1,2,0,1,1,2,1,0,1,0,1,15,4,1
3,1,0,2,1,0,1,0,0,1,0,1,2,1,0,1,1,0,8,4,0
2,2,2,0,0,0,2,0,2,1,0,1,2,1,1,1,1,0,13,11,0
1,1,2,2,1,1,1,0,0,1,1,1,2,0,1,1,1,0,29,4,0
2,2,0,2,0,0,1,1,1,0,1,0,0,1,0,1,1,1,34,4,1
4,2,0,2,1,0,1,0,0,1,1,0,1,0,0,0,1,0,5,6,0
1,0,0,1,1,1,2,1,0,1,0,0,2,0,1,1,0,0,11,4,0
0,2,1,0,1,1,1,0,0,1,1,1,2,1,1,1,1,1,25,14,1
1,0,2,1,1,0,0,1,1,0,0,1,1,1,0,0,1,0,20,8,0
2,0,1,1,1,1,1,0,0,1,0,0,0,0,0,1,1,0,11,7,0
4,1,0,2,1,1,0,0,1,1,1,1,2,0,1,0,1,0,17,5,0
0,0,0,2,0,1,0,1,2,0,1,1,0,1,0,1,1,1,23,9,1
3,2,0,1,1,0,2,0,0,0,1,0,2,1,1,0,0,1,8,2,1
4,0,0,0,0,1,2,0,2,0,1,1,1,0,1,0,0,1,0,9,1
1,0,2,2,0,1,2,1,0,1,0,0,0,0,1,1,1,1,8,2,1
3,2,1,1,0,1,1,1,2,0,1,1,1,0,0,1,1,0,30,7,0
4,1,0,0,1,0,1,1,0,0,1,0,2,0,1,0,0,1,19,4,1
4,2,1,2,0,0,0,0,1,0,0,0,1,1,0,1,0,1,8,10,1
3,0,2,1,1,1,2,0,0,0,0,0,0,0,1,1,1,1,7,5,1
2,0,2,0,1,1,1,0,2,1,1,1,1,1,0,0,0,0,16,8,0
3,0,0,0,0,0,1,0,2,0,0,1,0,0,1,1,0,0,7,6,0
1,0,2,0,1,0,2,0,0,0,1,0,2,1,1,1,0,0,25,6,0
2,2,2,0,1,1,0,1,0,1,1,0,2,0,1,0,1,1,38,11,1
4,1,0,1,1,1,1,0,1,0,0,0,1,1,0,0,1,0,11,9,0
3,0,2,2,0,0,0,0,0,1,1,0,2,1,1,1,1,0,26,10,0
3,0,0,0,1,0,2,1,2,1,0,1,2,1,1,1,0,0,26,12,0
4,1,2,2,1,0,1,0,0,0,1,0,2,0,1,1,1,1,37,9,1
4,1,0,0,0,0,0,1,0,0,0,1,2,0,0,0,1,0,32,2,0
1,2,0,1,1,0,2,0,0,0,0,0,1,1,0,1,1,0,2,4,0
3,1,1,0,0,1,1,0,0,0,0,1,0,1,0,1,0,0,10,5,0
0,2,2,1,1,1,0,1,2,0,0,1,0,0,1,1,0,1,19,8,1
0,1,1,2,0,0,2,0,0,0,0,0,0,0,0,0,1,0,25,11,0
2,0,1,0,1,0,1,1,2,0,0,1,2,1,1,0,1,0,22,1,0
1,2,1,0,1,1,2,0,1,0,0,0,2,1,0,1,0,0,3,13,0
1,2,1,1,0,0,0,0,0,0,1,0,2,0,0,0,0,1,15,5,1
1,1,1,0,0,0,2,1,1,0,0,1,2,0,0,0,1,1,35,7,1
3,1,1,0,0,1,0,1,1,1,1,0,1,0,0,1,1,1,17,7,1
1,0,2,0,1,1,0,0,0,1,1,0,2,0,1,0,0,1,25,14,1
1,0,1,0,0,0,1,1,1,0,1,0,0,1,1,1,1,1,26,14,1
0,1,0,1,1,0,1,1,2,0,1,1,0,0,0,0,1,0,6,4,0
2,0,0,0,1,1,1,1,1,1,1,0,1,1,1,0,0,1,5,11,1
2,2,2,1,1,1,0,0,0,0,0,1,1,0,1,0,1,0,7,13,0
3,1,2,0,0,1,1,0,0,1,1,1,0,1,0,0,0,0,18,8,0
2,2,1,0,0,1,0,1,0,0,0,0,0,1,0,1,0,1,34,14,1
3,0,0,0,0,0,0,1,1,1,0,1,2,1,0,0,0,1,31,14,1
2,2,1,0,0,0,2,1,2,1,1,1,0,1,1,1,0,0,18,3,0
1,0,1,1,0,0,2,0,0,1,0,0,1,1,1,0,0,1,35,11,1
4,2,2,2,1,0,2,1,2,1,1,0,2,0,1,1,1,0,29,6,0
2,0,2,2,0,0,0,0,0,1,1,1,2,0,1,1,0,1,9,7,1
1,0,2,2,0,0,0,0,1,1,1,0,1,1,0,0,1,1,27,2,1
1,1,2,2,1,0,2,1,0,0,0,0,0,0,1,1,0,1,18,2,1
4,0,1,2,0,1,2,0,0,0,1,1,2,1,1,0,0,1,26,2,1
0,1,1,2,0,0,0,1,1,0,1,0,1,1,1,0,0,1,22,11,1
1,0,2,0,0,1,0,1,0,0,1,1,0,0,0,1,1,0,31,14,0
4,0,1,0,0,0,2,1,1,0,1,0,2,1,0,1,0,0,11,7,0
4,0,0,1,1,1,2,0,1,0,0,1,1,0,0,1,1,1,34,0,1
3,2,2,0,0,0,1,0,1,1,1,1,0,0,1,1,1,1,23,8,1
3,2,2,1,1,1,0,0,1,0,0,0,2,0,0,1,0,1,32,4,1
3,1,2,0,1,1,2,1,2,0,1,0,1,0,1,1,1,1,4,0,1
1,2,1,2,1,1,0,0,2,0,0,0,2,0,0,1,0,0,30,0,0
4,2,0,1,1,1,0,0,2,1,0,1,0,0,0,0,1,0,12,7,0
4,0,2,0,0,1,0,1,1,0,0,0,1,0,0,1,0,0,7,0,0
4,2,0,1,1,1,2,0,2,1,0,0,2,1,1,0,1,0,28,7,0
0,2,2,0,0,1,1,0,1,1,1,0,0,0,0,1,1,1,23,8,1
3,0,2,2,1,0,0,0,0,1,0,0,1,1,0,1,0,0,19,9,0
2,1,2,2,1,0,0,0,2,1,1,1,0,1,1,1,0,1,4,7,1
2,0,1,1,1,0,2,0,0,1,0,0,0,1,0,0,0,0,37,12,0
2,2,1,0,1,0,2,0,0,0,0,0,1,0,1,0,0,0,5,9,0
1,0,2,1,0,0,0,0,2,0,0,1,2,0,0,1,1,0,2,5,0
2,1,0,2,1,0,0,0,1,1,0,1,1,1,1,1,0,0,8,7,0
2,1,1,0,1,1,1,1,0,1,0,0,2,1,0,0,0,0,31,1,0
3,2,0,2,0,0,2,0,2,1,0,1,1,1,1,0,0,1,20,7,1
1,2,2,1,1,1,2,1,1,0,1,0,1,1,0,1,1,1,27,7,1
4,1,2,1,0,1,2,0,2,1,0,0,0,1,1,0,1,1,25,6,1
3,2,1,1,1,1,1,1,2,1,1,0,2,1,1,1,0,0,24,2,0
3,1,0,0,1,0,0,0,1,1,1,1,2,0,0,1,0,0,8,10,0
2,0,1,1,1,0,2,1,2,1,0,1,1,0,1,0,1,1,37,0,1
4,1,0,0,0,1,0,0,1,1,1,1,2,0,0,0,0,0,34,12,0
3,2,1,0,1,1,0,0,0,0,1,1,2,0,1,1,0,1,0,0,1
4,1,0,1,0,0,2,1,0,0,0,1,2,0,1,1,1,0,34,10,0
3,1,0,0,1,1,1,1,0,0,1,1,2,1,0,0,1,1,11,7,1
2,1,0,1,0,0,0,0,1,1,0,1,1,1,0,1,1,1,32,6,1
2,1,1,1,0,0,1,1,2,0,1,0,1,0,1,0,1,0,34,14,0
2,0,2,2,1,1,0,1,1,1,1,0,0,1,1,0,0,0,3,1,0
1,1,0,2,0,0,2,0,2,0,1,1,1,1,0,1,0,0,17,11,0
3,2,1,1,0,0,0,1,2,0,0,0,0,1,0,1,1,1,2,3,1
3,0,0,0,0,1,1,1,0,0,0,1,2,1,0,1,1,1,36,5,1
4,0,0,2,0,0,2,1,1,1,1,0,2,1,1,0,1,1,14,2,1
1,1,0,0,1,1,1,1,2,0,1,1,1,0,0,1,0,1,31,1,1
1,2,1,0,0,0,2,0,2,1,1,0,2,1,1,0,1,1,20,2,1
4,0,2,0,0,0,2,1,1,1,0,1,1,0,0,1,1,1,9,13,1
2,1,0,2,0,1,0,0,2,1,1,0,1,1,1,1,1,1,32,2,1
1,2,2,2,1,1,1,1,0,1,1,1,1,1,1,0,0,1,6,0,1
1,0,1,0,1,0,0,1,0,0,0,0,0,1,0,1,1,0,23,12,0
3,2,1,1,0,1,0,0,2,0,0,0,2,1,1,0,0,1,20,9,1
4,2,2,2,0,0,0,1,1,0,0,1,0,1,0,0,0,1,3,14,1
2,1,2,1,1,1,0,1,2,1,1,0,1,0,1,1,0,1,1,4,1
0,0,0,1,0,0,1,0,0,1,0,0,0,0,1,0,0,0,14,9,0
3,0,1,2,1,1,0,1,0,1,1,1,1,0,1,1,0,0,17,9,0
0,1,2,2,0,0,0,0,0,0,0,1,0,1,1,0,1,0,11,12,0
1,0,1,0,0,0,2,0,1,0,1,0,0,1,0,1,1,1,37,9,1
3,1,0,0,0,1,2,1,2,1,0,1,2,1,1,0,1,1,34,4,1
4,2,2,2,0,1,1,0,2,1,1,0,2,0,1,0,1,0,20,13,0
4,1,2,2,1,1,1,1,0,1,1,0,1,0,1,0,1,1,19,8,1
3,2,0,1,0,1,2,1,0,0,1,0,0,0,1,0,1,0,10,14,0
2,0,1,2,1,0,1,0,1,0,1,0,2,1,1,0,0,0,4,4,0
1,2,1,2,0,1,0,1,2,0,1,1,0,0,1,1,1,1,10,13,1
0,1,1,2,1,0,2,0,2,1,1,1,2,0,1,0,0,1,32,0,1
0,0,2,1,1,1,1,1,0,0,1,1,2,1,0,1,0,1,24,10,1
2,2,0,0,1,0,2,1,2,1,1,1,0,1,0,1,1,1,2,2,1
0,1,1,2,0,0,2,1,0,0,1,1,2,1,0,0,0,0,3,5,0
2,2,2,0,0,1,1,1,1,0,0,1,1,1,1,1,1,1,15,0,1
2,0,1,1,1,0,2,1,0,1,0,0,1,1,0,1,0,1,33,11,1
0,1,0,0,1,1,2,0,2,1,0,1,2,1,1,0,1,1,14,0,1
2,2,1,1,1,0,0,0,0,1,0,1,0,0,1,0,0,1,16,12,1
1,0,2,2,1,0,2,1,0,1,0,1,2,0,1,0,0,1,10,11,1
1,2,0,2,1,1,2,0,0,1,0,0,0,0,0,0,1,1,37,4,1
2,1,1,1,1,1,0,0,0,1,0,0,1,1,0,0,1,0,36,10,0
0,2,2,2,1,0,2,0,2,0,0,1,1,0,1,1,0,0,25,2,0
3,1,1,0,1,0,1,1,2,0,0,0,1,0,0,0,1,1,29,2,1
3,0,0,0,1,1,2,1,2,1,1,0,0,0,1,1,0,0,25,9,0
2,1,1,1,1,1,1,0,2,0,1,1,0,0,1,0,1,1,37,10,1
1,2,1,0,1,0,1,0,1,1,0,1,2,1,1,0,1,0,34,2,0
2,0,0,2,1,0,0,0,2,0,0,1,1,1,1,1,0,1,11,5,1
4,0,1,2,1,1,1,0,0,0,0,1,2,1,1,1,0,1,24,0,1
4,1,0,1,1,0,1,0,0,0,1,0,1,1,1,0,1,0,22,5,0
1,2,2,1,0,0,2,0,0,1,1,0,0,0,0,0,0,1,19,0,1
1,2,1,0,0,1,1,1,0,1,1,1,1,0,1,0,1,0,23,6,0
2,1,1,0,1,0,2,1,1,1,0,1,0,1,1,0,0,0,22,14,0
0,2,0,1,0,0,1,1,1,0,0,1,0,1,0,1,0,0,2,3,0
0,2,1,0,1,1,1,0,0,1,1,0,0,0,0,0,1,0,18,14,0
3,0,2,0,0,1,2,1,2,1,0,1,0,1,0,1,1,1,14,0,1
4,0,2,1,0,0,1,1,1,0,1,1,1,0,0,1,0,0,27,5,0
1,1,2,0,1,1,0,1,1,0,1,1,0,1,0,0,0,1,13,4,1
2,1,1,2,1,1,1,1,2,0,1,0,0,1,0,0,1,1,30,12,1
2,0,0,2,0,0,0,0,2,0,0,0,0,0,0,1,1,0,0,1,0
1,1,0,2,0,0,1,1,0,0,1,0,1,1,0,1,1,1,18,2,1
3,2,2,2,0,1,1,0,1,0,0,0,1,0,1,0,0,1,28,3,1
0,0,1,1,1,1,1,0,0,1,0,1,1,0,0,0,1,0,34,9,0
2,0,1,1,1,0,1,0,0,0,1,1,1,0,1,1,0,0,13,13,0
1,1,0,2,0,1,0,1,0,1,0,0,2,1,0,1,1,1,16,7,1
2,2,1,1,0,1,1,1,2,1,1,0,0,0,0,0,1,0,7,2,0
1,2,2,2,1,0,1,1,1,0,0,0,1,0,0,0,1,1,12,2,1
0,1,1,2,1,1,1,1,2,0,0,1,2,0,0,0,1,1,26,10,1
0,2,1,1,0,0,2,0,1,0,0,1,0,0,1,0,0,0,12,6,0
4,2,1,0,0,0,2,1,0,1,0,0,0,0,1,0,0,1,7,11,1
0,1,1,1,1,1,1,0,1,1,0,1,0,1,1,0,1,1,14,13,1
4,0,1,1,1,0,0,0,0,0,1,1,2,1,1,1,1,0,35,2,0
3,1,2,2,1,0,2,1,1,0,0,0,2,0,1,1,1,1,23,3,1
0,2,0,1,1,0,2,1,1,0,1,1,0,0,0,0,0,1,38,9,1
1,1,1,2,0,1,0,1,1,0,0,1,1,0,1,1,1,0,38,4,0
3,1,0,2,0,1,2,0,0,0,1,0,0,0,1,0,1,0,16,2,0
4,0,1,1,1,1,0,1,2,0,0,0,1,0,0,0,0,0,28,9,0
1,1,2,0,0,1,2,0,1,1,1,1,1,0,0,0,1,0,29,11,0
3,1,1,1,0,1,0,0,1,1,0,0,2,1,1,0,1,0,26,0,0
4,2,1,0,0,1,0,1,2,0,1,1,0,1,1,0,1,1,6,7,1
2,2,2,0,1,0,2,0,2,1,0,0,0,0,1,0,1,0,6,0,0
0,1,2,1,0,0,0,1,1,1,1,1,1,0,1,1,1,1,15,0,1
1,1,1,2,0,0,0,0,2,0,1,0,1,0,1,1,1,0,15,11,0
2,0,0,0,1,0,2,0,0,0,0,1,1,1,1,0,1,0,21,9,0
3,2,0,0,0,1,0,0,2,0,0,1,2,0,0,1,0,0,9,9,0
1,0,2,2,1,0,2,1,2,1,1,1,1,0,1,1,1,0,12,10,0
2,1,2,2,1,1,1,1,1,1,0,1,2,1,0,1,0,0,5,10,0
1,0,1,1,1,1,1,0,1,1,1,1,0,0,0,0,1,1,15,3,1
2,1,0,1,0,1,2,0,1,0,0,0,1,0,1,1,1,0,15,2,0
1,1,2,1,1,0,0,0,1,0,1,1,0,0,0,0,0,1,16,3,1
2,1,1,0,1,1,1,0,1,1,0,1,1,0,0,0,0,1,13,9,1
3,0,0,2,1,1,0,1,0,1,0,0,0,1,0,1,1,0,33,6,0
3,2,0,0,0,1,1,0,2,1,1,1,1,1,0,1,1,0,14,1,0
4,0,1,2,0,0,1,1,1,1,0,1,1,1,1,1,1,1,19,8,1
0,0,0,0,0,1,0,0,2,0,1,1,1,1,1,0,1,0,8,8,0
4,1,0,0,0,1,0,1,0,0,1,1,0,0,1,1,0,1,21,9,1
0,1,2,0,0,0,1,1,1,1,0,0,0,1,0,0,1,1,34,13,1
3,0,2,1,1,0,1,0,0,0,1,0,0,0,1,0,0,1,14,14,1
1,0,2,2,0,0,2,0,0,0,1,1,1,0,0,1,1,1,21,2,1
3,0,1,1,1,0,2,0,0,1,1,1,2,0,1,1,1,0,25,0,0
1,2,0,2,0,0,2,0,0,1,1,0,0,1,1,1,1,1,12,4,1
2,1,1,2,0,1,0,1,0,1,0,0,0,1,1,0,1,0,29,6,0
3,2,2,0,1,0,0,1,2,1,0,0,0,0,0,0,1,0,12,14,0
1,1,0,0,0,0,0,1,1,1,1,1,1,0,0,1,1,0,2,1,0
3,1,0,2,1,0,0,1,2,0,0,0,1,0,0,1,1,1,25,13,1
4,0,2,2,1,1,1,1,2,0,1,1,2,0,1,0,0,1,29,6,1
2,2,2,1,0,0,2,1,1,1,1,1,1,0,0,0,1,0,6,14,0
2,2,0,2,1,1,2,0,1,0,1,0,0,1,0,1,0,0,15,2,0
1,0,0,2,1,0,2,1,1,1,1,1,1,1,1,1,1,1,29,6,1
1,2,0,2,0,0,1,1,0,0,1,0,0,0,0,0,0,0,9,3,0
2,1,1,0,0,1,1,1,0,1,1,0,0,1,1,0,0,1,27,4,1
4,2,1,2,0,1,0,0,0,1,0,1,2,0,0,1,0,1,22,14,1
0,1,2,1,0,1,2,0,2,0,1,1,0,0,0,0,0,0,7,7,0
2,1,0,2,1,0,0,0,2,1,1,1,1,0,1,1,0,1,11,9,1
3,1,0,1,0,1,2,0,2,1,0,1,1,1,1,1,1,1,11,9,1
3,1,1,1,1,1,0,0,2,0,1,1,0,1,0,1,1,0,17,13,0
3,2,2,2,0,1,0,1,2,1,1,1,0,0,0,1,0,0,38,11,0
1,0,2,1,0,1,0,1,1,0,0,0,0,1,0,1,0,0,3,10,0
0,0,1,2,1,0,0,0,0,0,0,0,0,1,1,0,0,0,2,5,0
4,0,1,2,1,1,0,1,2,1,0,0,2,1,1,0,0,1,32,3,1
0,2,1,0,1,1,2,1,0,0,1,0,0,1,1,1,1,0,31,1,0
1,0,2,2,0,0,0,1,2,0,1,0,2,1,1,0,1,1,23,13,1
1,2,0,0,1,0,1,0,0,1,1,0,1,0,1,0,1,0,6,1,0
4,1,1,2,0,1,1,0,1,1,1,0,2,1,0,1,0,0,3,2,0
0,0,2,0,0,1,0,0,1,1,1,1,1,1,1,1,1,0,33,0,0
2,1,1,0,1,1,0,0,1,1,1,1,1,0,0,1,1,0,20,14,0
1,1,1,1,0,0,1,0,1,0,0,0,0,0,0,0,1,0,21,7,0
3,2,0,2,0,1,2,0,1,1,0,1,2,0,1,1,1,1,29,0,1
1,1,2,2,1,0,1,1,2,1,0,1,1,1,0,1,0,1,12,6,1
0,2,1,0,1,0,2,1,0,1,1,1,2,0,1,0,0,0,2,14,0
1,2,0,1,1,0,1,0,0,1,0,0,1,0,1,1,1,0,25,12,0
3,2,1,0,1,1,0,0,1,0,1,0,1,1,1,0,0,1,25,7,1
4,1,2,0,1,0,2,1,2,1,1,1,0,0,1,0,0,0,25,12,0
2,1,0,1,1,1,2,1,0,0,1,0,0,0,0,0,0,0,27,0,0
3,2,1,2,1,0,1,0,0,0,0,1,0,1,0,1,1,0,22,0,0
2,1,2,1,1,1,2,0,2,0,0,1,2,0,1,0,1,1,19,1,1
0,0,0,0,0,0,0,0,0,0,0,1,1,0,0,1,0,0,29,0,0
3,0,0,2,0,1,0,1,0,0,0,0,0,1,1,1,1,0,33,4,0
4,0,2,1,0,0,1,1,0,0,0,1,0,0,1,1,0,0,0,8,0
2,0,2,2,0,0,1,1,0,0,0,0,2,1,1,0,1,1,17,13,1
3,1,0,0,0,0,1,0,0,1,0,0,1,0,1,0,1,1,13,4,1
3,2,2,0,1,0,1,0,1,1,0,1,0,1,0,0,0,1,21,2,1
3,1,1,2,0,0,0,1,2,0,1,0,2,0,1,1,0,1,17,10,1
4,2,2,1,1,0,2,1,2,0,1,1,0,0,0,0,0,1,15,5,1
3,1,1,1,0,0,2,1,2,0,0,0,0,0,0,0,1,0,6,2,0
1,0,0,2,0,1,2,0,1,1,0,0,2,1,0,0,1,0,1,11,0
0,0,1,2,0,0,2,1,0,1,0,0,2,1,1,0,0,0,9,9,0
0,2,1,1,1,0,1,0,2,0,1,0,0,1,1,0,1,0,33,14,0
2,1,2,1,1,0,0,1,1,1,0,0,0,0,0,0,1,0,26,0,0
4,1,1,2,1,0,2,0,0,1,1,1,2,1,0,0,0,0,26,1,0
4,0,0,1,0,1,2,0,0,0,1,1,0,0,0,1,1,0,10,3,0
0,1,1,0,0,0,1,0,2,1,0,0,2,1,1,1,0,1,15,6,1
0,0,0,0,0,1,2,1,0,0,1,0,1,0,0,0,1,0,20,14,0
1,1,0,0,0,0,1,0,2,1,1,0,2,0,0,0,1,1,14,0,1
1,0,1,2,0,0,0,0,1,1,1,1,1,1,1,0,1,1,15,7,1
3,0,1,0,1,1,1,1,1,1,0,1,1,0,0,1,0,0,18,3,0
0,0,0,2,1,1,0,0,0,1,1,0,2,0,1,0,0,0,34,11,0
0,0,1,1,0,1,2,0,2,0,0,0,1,1,0,0,1,1,1,1,1
2,2,0,0,0,0,0,1,2,0,1,0,1,1,0,0,1,1,6,5,1
1,1,0,2,1,1,1,1,0,0,1,0,1,0,0,0,1,0,31,2,0
1,2,2,2,1,1,2,1,0,0,0,1,2,0,1,0,1,1,19,2,1
4,1,0,1,0,1,1,1,0,1,1,0,2,0,0,0,0,1,33,12,1
1,0,0,1,1,0,0,0,2,0,0,0,2,0,0,0,1,0,26,3,0
1,2,2,1,0,1,0,0,2,0,0,0,1,0,1,1,0,1,22,7,1
2,0,2,1,1,0,2,0,1,0,1,0,0,1,1,0,1,1,13,13,1
0,1,2,2,1,0,2,1,2,1,0,0,2,1,0,1,0,0,34,11,0
2,0,0,2,0,0,2,1,2,0,1,0,2,0,0,0,0,1,0,5,1
0,2,2,1,1,1,2,1,0,0,0,0,2,1,1,1,0,0,28,12,0
0,2,2,0,1,1,1,1,0,1,0,0,1,0,1,0,1,0,26,13,0
4,1,0,1,0,1,0,0,2,0,1,1,2,1,0,0,1,1,35,10,1
1,2,2,0,0,0,1,1,2,0,0,0,2,0,1,0,0,1,35,0,1
0,0,2,1,0,1,2,1,2,1,0,1,2,0,1,1,1,0,29,10,0
1,2,2,2,0,0,0,1,1,1,0,0,0,0,0,1,1,1,38,6,1
0,2,0,1,1,0,2,0,2,1,1,0,1,1,0,0,1,1,13,10,1
1,0,0,0,0,1,2,1,0,1,1,0,0,0,0,0,1,0,35,12,0
3,0,0,0,1,0,2,1,0,0,1,0,0,0,1,1,1,1,14,10,1
1,2,1,0,0,0,2,1,2,1,1,0,2,1,0,1,0,0,24,0,0
3,1,0,0,0,0,2,0,0,1,1,0,2,0,1,0,1,0,5,6,0
4,0,2,1,0,0,0,1,2,1,0,1,0,0,0,1,1,0,0,14,0
4,0,1,2,0,0,1,1,2,1,1,0,0,0,0,0,1,0,16,5,0
3,0,2,2,1,0,0,1,0,0,1,1,2,0,0,0,0,1,14,6,1
3,2,1,1,1,1,2,0,0,1,0,0,0,1,1,1,0,1,7,4,1
3,0,0,1,1,1,0,0,2,1,0,1,1,0,0,1,0,0,0,0,0
4,0,2,2,0,0,2,0,1,1,1,1,2,1,1,0,1,0,12,6,0
2,1,1,1,1,1,0,1,0,1,1,1,1,0,1,0,1,0,30,13,0
3,2,1,0,0,1,1,0,0,1,0,1,2,1,0,0,0,1,9,4,1
2,0,1,2,1,1,2,1,1,1,0,0,2,1,0,0,1,0,11,8,0
0,2,1,1,1,0,2,0,0,0,1,1,0,1,1,1,0,1,23,9,1
4,0,2,0,0,0,2,1,1,1,1,1,1,0,0,0,1,1,38,6,1
2,0,2,0,1,0,0,0,0,1,1,1,0,1,1,0,0,1,31,9,1
0,2,1,2,1,1,0,0,2,1,0,0,1,1,1,0,1,1,29,4,1
3,0,2,1,0,0,0,1,0,0,0,0,1,1,0,1,0,0,25,5,0
0,1,0,2,0,1,1,0,1,0,0,1,0,0,0,0,0,1,5,9,1
4,1,2,2,0,0,1,0,0,0,1,0,1,0,1,0,1,0,28,9,0
1,0,1,1,1,1,1,1,2,0,1,0,0,0,1,0,0,0,8,3,0
3,0,2,2,1,1,1,0,1,0,0,1,2,0,0,1,0,0,31,8,0
3,1,2,2,0,1,0,0,2,0,0,0,2,1,0,0,1,0,29,9,0
0,0,0,0,1,1,0,1,1,1,0,0,0,0,0,0,0,0,36,5,0
2,1,0,1,1,1,2,0,0,0,1,0,1,1,0,0,1,0,26,11,0
4,2,0,0,0,0,2,0,1,0,0,1,2,0,1,0,0,0,2,4,0
0,1,2,2,1,1,1,0,0,1,0,0,2,0,1,1,0,1,12,8,1
0,2,2,0,1,1,1,1,0,1,1,1,2,0,1,1,1,1,17,9,1
3,0,0,0,1,0,2,0,0,1,0,0,1,1,0,1,1,0,10,4,0
4,1,2,0,0,0,2,0,2,0,0,0,2,0,0,1,0,1,31,14,1
1,2,0,2,0,0,2,0,2,0,1,0,2,1,0,0,0,0,35,4,0
4,2,0,2,1,0,2,1,1,0,0,1,1,1,1,0,1,0,15,0,0
2,2,2,1,0,0,1,1,2,0,0,1,2,1,0,0,1,1,20,14,1
0,0,2,1,0,1,1,1,2,0,0,1,2,1,0,1,1,0,23,9,0
1,0,0,2,0,0,2,1,1,0,1,0,2,0,1,0,0,0,31,5,0
2,0,1,1,1,0,1,0,2,1,1,1,0,0,0,0,1,1,18,4,1
3,0,0,0,1,0,0,0,2,1,0,0,2,0,1,1,1,1,22,0,1
1,0,1,1,0,1,1,0,2,1,0,0,1,1,0,1,1,0,13,1,0
3,2,2,2,0,0,2,1,1,0,1,0,0,1,1,0,0,1,6,3,1
1,0,0,1,1,0,0,1,2,0,0,1,1,1,0,0,1,1,24,5,1
3,0,1,2,1,1,1,1,0,1,1,0,0,0,1,1,1,1,28,9,1
0,1,0,2,0,1,0,1,0,1,1,0,0,0,1,1,0,1,19,11,1
2,1,1,1,1,1,0,0,1,1,1,0,1,1,0,0,1,1,1,12,1
3,2,2,2,1,0,2,0,0,1,0,1,0,1,0,0,1,0,9,13,0
2,1,1,2,0,1,0,1,0,0,0,0,0,0,0,1,0,1,8,7,1
3,2,1,2,1,0,1,1,2,1,1,0,1,1,0,0,0,0,4,4,0
2,1,0,1,0,0,2,1,2,1,0,0,0,0,1,0,1,0,20,14,0
2,0,0,0,0,1,1,1,2,1,1,0,1,1,0,1,1,0,31,6,0
3,2,2,1,1,1,2,0,1,0,0,0,1,0,0,0,1,0,23,9,0
4,1,1,2,1,1,1,1,1,1,1,0,2,1,0,0,1,1,33,1,1
1,2,0,1,0,1,2,1,0,1,1,0,2,0,0,0,0,0,0,0,0
2,1,2,1,0,0,2,1,1,1,1,0,2,1,0,1,0,0,12,1,0
3,0,0,0,0,0,0,1,0,0,0,1,2,0,0,1,0,0,33,2,0
0,1,2,1,0,0,1,1,0,1,1,0,2,1,0,1,1,1,20,2,1
0,0,2,0,1,1,2,0,1,1,0,0,2,1,1,0,1,0,31,2,0
2,1,0,2,1,1,1,0,1,1,0,0,2,0,0,1,0,0,7,6,0
2,0,1,0,1,0,1,1,1,0,0,0,0,0,0,1,0,0,0,14,0
4,0,1,0,1,1,1,1,0,1,0,1,0,1,0,1,1,1,26,12,1
4,2,0,2,0,1,0,1,0,0,1,1,1,0,1,0,1,0,7,12,0
3,2,1,0,0,1,1,0,0,0,0,0,2,1,1,0,1,0,25,9,0
4,0,1,1,0,0,1,1,2,1,1,1,2,0,1,1,0,1,22,6,1
4,1,2,0,0,1,1,1,1,1,1,0,1,0,0,0,1,0,15,2,0
3,0,0,1,1,0,1,0,1,0,1,0,0,0,0,0,0,1,36,8,1
2,1,2,1,1,1,0,0,0,0,1,0,1,1,0,0,1,0,18,1,0
1,0,0,1,0,1,0,0,0,0,1,1,2,1,0,0,1,1,12,11,1
2,0,0,2,1,1,2,1,2,0,0,1,2,1,0,1,1,1,17,0,1
2,2,0,0,1,1,2,0,1,0,0,1,1,1,1,0,1,1,25,14,1
2,1,0,2,0,1,2,0,2,1,0,1,1,0,1,1,1,0,27,7,0
2,0,1,1,1,0,0,1,1,0,1,0,2,1,0,1,1,0,19,14,0
2,0,1,2,0,0,2,0,0,0,1,0,0,0,0,1,0,1,6,14,1
0,0,1,1,0,0,0,1,1,1,0,1,1,1,0,1,0,0,37,12,0
2,0,1,0,0,1,2,1,2,0,1,1,0,1,1,0,1,1,5,12,1
3,2,1,0,0,1,1,1,0,0,1,1,1,1,1,1,0,0,13,8,0
3,0,2,1,0,1,1,1,0,0,0,1,0,1,0,1,1,1,17,5,1
4,0,0,2,1,0,0,0,1,1,0,0,2,0,1,0,1,1,7,8,1
2,0,1,1,1,0,0,1,0,0,0,0,2,1,0,0,0,1,27,5,1
2,1,2,0,0,0,1,0,1,1,1,0,2,0,0,1,1,0,34,10,0
0,1,0,0,0,0,1,0,1,1,1,0,2,1,1,0,1,1,16,1,1
4,2,1,0,1,0,0,0,2,0,0,0,0,1,0,1,1,0,2,8,0
0,0,2,2,0,0,0,0,0,1,0,1,1,1,0,0,1,1,32,12,1
1,2,0,1,0,0,2,1,0,1,0,1,0,1,0,0,0,1,9,0,1
2,0,0,2,1,0,2,0,0,0,0,1,1,1,1,0,0,1,16,14,1
4,1,1,2,1,1,1,1,1,0,1,1,2,1,1,1,1,1,16,11,1
1,2,2,0,0,1,2,1,1,0,1,0,2,0,1,0,0,1,6,10,1
4,1,2,1,0,1,1,1,1,1,1,0,0,0,1,0,1,0,13,1,0
1,0,0,1,0,0,1,1,2,0,0,1,2,0,1,0,1,1,0,5,1
1,0,1,1,0,0,2,1,1,0,1,0,0,0,0,1,0,1,8,1,1
1,1,2,1,0,0,0,0,0,1,1,1,1,1,0,0,1,1,36,10,1
1,1,2,1,0,1,0,0,1,1,0,0,2,0,1,0,1,0,14,3,0
3,2,2,0,1,0,0,0,2,1,1,1,1,0,1,0,1,1,33,6,1
4,2,1,0,1,1,2,0,0,0,0,1,2,1,1,0,1,1,25,11,1
1,1,1,1,1,1,2,0,2,1,1,0,2,0,1,0,0,0,33,4,0
3,1,1,2,1,0,1,0,0,0,1,1,0,1,1,1,0,1,11,14,1
4,1,2,1,1,0,1,1,2,0,0,1,0,1,0,1,1,0,23,4,0
3,1,2,0,0,0,2,0,0,0,1,1,1,1,1,0,0,1,31,8,1
2,2,1,2,0,0,0,1,1,1,0,0,1,1,0,0,1,1,22,8,1
0,2,0,2,0,0,0,1,0,1,1,0,2,1,1,0,1,0,32,7,0
3,1,0,2,1,0,0,1,0,0,1,0,2,0,1,1,1,1,30,10,1
2,1,2,1,0,0,1,1,1,0,0,1,1,0,1,0,0,1,9,4,1
0,2,1,2,0,1,2,1,0,0,0,1,2,1,1,1,0,1,18,1,1
2,1,2,1,1,1,1,0,0,0,1,0,1,1,1,0,0,0,1,1,0
3,2,2,0,1,0,1,1,1,1,0,0,1,1,0,1,1,0,11,14,0
0,2,2,2,0,0,2,0,1,0,0,0,2,1,0,1,0,1,20,10,1
2,1,2,0,1,0,2,0,1,1,1,0,0,1,0,1,1,1,8,6,1
2,0,2,2,0,1,1,1,2,0,1,1,1,0,0,1,0,0,13,4,0
0,2,2,1,1,1,2,1,1,1,1,0,1,1,0,0,1,0,26,13,0
4,0,0,1,0,0,0,0,0,0,0,0,2,0,0,0,0,0,2,6,0
3,1,2,0,1,0,1,0,2,1,1,1,0,1,0,1,1,1,8,4,1
1,2,1,2,1,0,1,0,0,0,1,0,1,0,1,0,1,1,32,12,1
1,1,0,2,1,0,2,0,2,1,1,0,2,1,1,1,0,1,26,14,1
2,2,2,2,0,0,1,0,0,0,0,1,2,0,1,1,1,0,6,4,0
4,1,2,0,1,1,2,1,0,1,1,1,2,1,1,0,1,1,35,5,1
0,2,1,0,1,0,1,0,0,0,1,1,1,0,0,1,1,1,24,2,1
1,0,1,2,1,1,1,0,0,0,1,1,0,1,0,0,0,0,37,0,0
1,0,0,2,0,1,2,0,1,1,1,1,1,1,0,0,1,0,4,9,0
3,2,1,1,0,1,0,0,1,1,0,1,2,1,1,0,1,0,37,8,0
1,1,2,0,1,0,1,1,1,0,0,1,0,1,0,1,1,1,37,4,1
2,2,2,1,1,0,0,0,0,1,0,0,2,0,1,1,0,1,2,3,1
0,2,2,2,1,1,1,1,1,0,0,1,1,0,1,0,0,0,25,4,0
0,2,1,0,0,0,0,1,2,1,1,1,0,0,0,1,1,1,38,13,1
1,1,0,2,1,0,1,1,0,0,1,0,1,1,1,0,0,1,8,13,1
2,2,2,0,0,0,2,0,1,0,1,0,0,0,1,1,0,0,29,12,0
4,0,0,1,1,1,0,0,2,0,1,0,1,0,1,1,1,1,11,0,1
1,2,2,0,0,0,2,1,0,0,1,0,1,1,0,0,1,0,10,0,0
2,0,0,2,0,1,1,0,0,0,0,0,0,1,0,0,0,1,36,6,1
2,1,0,2,0,0,0,1,2,0,0,1,2,1,0,1,1,0,33,2,0
1,0,1,0,1,0,1,1,0,0,0,0,0,0,0,1,1,0,17,8,0
3,0,0,0,1,0,2,0,2,1,1,0,0,0,0,1,1,0,32,12,0
3,1,0,0,1,1,2,0,2,1,0,0,0,1,0,0,0,0,36,14,0
1,2,1,2,0,0,1,1,0,0,0,1,0,1,1,0,1,1,28,13,1
2,1,2,0,0,0,2,1,1,0,1,1,2,0,1,0,1,0,38,11,0
2,2,2,2,0,1,2,1,2,1,1,1,0,0,1,0,1,0,18,10,0
3,2,0,0,1,0,0,1,1,0,0,0,0,0,0,1,0,1,14,14,1
1,0,2,0,0,1,0,0,1,1,0,0,0,1,1,0,0,0,0,12,0
0,0,2,1,1,1,0,1,2,0,0,1,0,1,0,1,1,0,14,13,0
0,0,2,2,1,0,0,1,1,0,1,1,1,0,1,1,0,1,19,8,1
4,1,0,1,1,1,0,1,1,0,1,0,2,0,0,0,0,0,34,10,0
3,2,0,2,1,1,1,1,0,1,0,1,1,0,1,1,1,1,13,13,1
3,0,1,0,1,0,0,0,2,1,0,1,0,0,0,0,1,0,10,14,0
2,1,1,2,0,0,0,0,2,1,1,0,2,0,1,1,0,0,23,14,0
2,1,0,1,0,1,2,1,0,1,0,0,1,1,0,1,0,1,33,0,1
2,0,1,1,0,0,1,0,1,0,1,1,1,1,0,1,0,1,2,6,1
2,0,2,1,1,1,1,1,0,1,0,1,2,1,1,0,0,0,9,1,0
2,2,1,0,1,0,1,0,1,0,1,1,2,0,1,1,1,0,23,14,0
0,0,0,2,1,1,2,0,2,1,1,1,1,0,0,0,0,1,10,7,1
4,1,0,2,1,0,1,1,0,0,1,1,0,0,0,0,0,0,17,0,0
0,0,0,0,1,1,1,1,2,0,1,0,0,1,0,0,0,1,24,8,1
4,0,1,2,1,0,0,1,1,0,0,0,1,0,0,0,1,0,32,12,0
0,0,1,1,1,0,0,0,1,0,1,0,2,0,0,1,0,0,21,7,0
3,1,1,2,0,0,1,0,2,1,1,1,1,0,0,0,1,1,22,9,1
3,1,1,1,0,0,2,0,0,0,0,1,1,0,0,1,1,1,3,8,1
3,0,0,0,0,0,1,0,1,0,0,0,1,1,1,0,0,0,12,13,0
3,0,0,1,0,0,0,1,2,1,0,0,1,1,0,1,0,1,12,10,1
0,0,0,1,0,1,0,0,0,1,0,1,1,0,1,1,0,1,6,14,1
4,0,2,1,1,1,1,1,2,1,1,1,0,1,1,1,0,1,20,10,1
2,0,2,0,0,1,2,1,2,0,0,0,0,0,1,0,0,1,23,14,1
3,0,0,2,0,0,2,0,0,1,1,0,0,0,1,0,1,1,22,11,1
0,0,0,0,0,1,1,1,0,1,1,0,0,0,0,0,0,0,5,1,0
4,0,1,2,1,1,1,1,0,0,1,0,0,0,1,1,1,1,18,4,1
1,0,1,2,0,1,1,0,2,0,0,0,2,0,1,1,1,1,12,3,1
3,2,2,1,0,0,0,0,0,0,0,1,0,1,0,0,0,1,2,9,1
2,0,2,0,0,1,2,0,2,1,0,1,2,1,0,0,1,0,4,3,0
0,2,0,1,1,1,2,0,1,1,0,1,1,0,1,0,0,1,15,4,1
4,2,0,1,1,0,2,1,0,0,1,1,2,1,0,0,0,1,2,1,1
2,2,2,0,0,0,0,0,2,1,0,0,2,1,1,0,1,0,24,7,0
0,0,2,0,0,0,0,1,1,1,0,1,1,1,0,0,0,1,12,8,1
3,1,1,0,0,1,0,1,2,1,1,0,0,0,0,1,0,0,24,11,0
4,2,1,1,1,1,2,0,2,0,1,0,0,1,0,0,1,0,12,10,0
3,2,1,1,1,1,2,1,0,1,1,1,0,1,0,0,1,0,37,13,0
1,2,0,0,1,0,1,0,1,1,0,1,2,0,0,1,1,0,26,5,0
0,1,0,2,1,0,0,1,2,1,1,0,0,0,0,1,0,1,9,10,1
1,1,1,1,0,1,0,0,1,1,1,0,0,1,1,1,1,1,31,10,1
4,0,1,1,0,0,2,1,0,0,1,0,2,1,1,0,0,0,0,4,0
3,0,0,0,0,0,1,1,0,1,1,0,1,1,0,0,0,0,36,14,0
4,2,0,0,1,0,2,0,0,1,0,0,1,1,0,1,0,1,26,1,1
3,1,0,2,1,1,2,1,1,0,1,0,2,0,0,0,0,0,10,5,0
4,1,2,0,0,1,0,1,2,1,0,0,2,0,0,1,0,0,22,12,0
4,1,1,0,1,0,2,0,0,0,1,1,2,0,1,1,0,0,5,12,0
4,2,0,0,1,0,0,1,0,1,1,1,2,0,1,0,1,1,16,3,1
1,1,2,2,1,1,1,1,1,1,0,0,0,1,1,0,1,0,4,4,0
2,0,0,1,1,1,1,1,2,0,1,1,0,1,1,1,0,0,17,5,0
2,1,0,2,0,0,2,0,1,1,1,1,1,1,0,0,1,0,17,12,0
0,0,0,2,0,1,2,0,0,1,0,0,0,0,0,0,0,0,25,5,0
2,0,0,1,0,1,1,0,1,1,0,1,2,1,0,1,1,0,1,8,0
0,2,1,2,1,1,1,0,0,0,1,1,1,0,1,0,1,1,36,6,1
2,1,2,1,1,0,1,1,2,1,0,0,0,1,0,1,0,0,19,9,0
1,1,0,1,1,0,0,1,1,1,1,0,0,0,1,1,0,0,29,2,0
2,0,1,1,1,1,2,0,2,1,0,1,0,0,1,0,1,1,5,9,1
2,0,1,2,1,0,2,1,1,0,1,1,0,0,1,1,0,1,34,9,1
3,1,0,0,0,0,0,1,0,0,1,0,0,1,0,1,0,0,9,5,0
4,0,2,0,0,0,2,1,1,0,0,1,0,0,0,0,1,1,14,4,1
4,2,1,2,1,0,2,0,1,0,1,1,0,0,1,0,1,1,31,3,1
2,2,0,1,0,0,1,1,1,1,0,0,1,0,0,0,0,1,6,11,1
1,1,0,1,0,0,2,1,1,1,0,0,0,1,1,1,1,0,34,3,0
0,0,2,1,1,0,2,1,1,1,0,0,1,1,1,1,1,0,24,6,0
1,0,1,0,1,1,2,0,1,0,0,0,1,0,1,1,1,0,30,6,0
2,0,1,0,1,1,2,1,0,1,0,1,1,0,1,0,1,1,3,10,1
1,2,1,0,0,1,1,0,2,0,0,0,0,1,1,0,1,1,25,10,1
1,0,1,0,1,0,1,0,0,1,1,1,0,1,0,1,0,0,13,4,0
1,0,0,0,0,1,0,0,0,1,1,1,1,0,0,0,0,0,37,4,0
3,2,2,2,1,0,2,0,0,0,1,0,0,1,0,1,0,0,27,10,0
1,1,1,1,0,1,2,0,1,1,0,0,1,0,1,1,1,1,11,9,1
4,2,2,0,1,0,0,1,0,0,1,0,0,0,1,0,1,0,7,1,0
0,2,2,2,1,0,1,0,0,0,1,0,0,1,1,0,1,1,29,11,1
3,0,0,2,0,0,1,0,2,1,0,0,2,0,1,1,0,1,35,3,1
3,0,0,0,1,0,0,0,1,1,1,0,1,1,0,1,1,0,16,9,0
2,1,1,1,0,0,0,1,1,0,0,1,2,0,0,0,0,0,15,1,0
0,0,2,0,0,0,0,1,0,1,0,1,2,0,0,1,1,1,31,7,1
3,1,2,2,1,0,2,0,0,1,1,1,1,0,1,0,0,1,37,6,1
0,2,0,1,1,0,0,0,1,0,0,0,2,1,0,1,1,1,34,2,1
1,1,2,0,0,1,2,0,1,0,0,0,1,0,0,0,0,0,26,5,0
0,0,1,1,1,1,2,1,0,0,0,0,2,0,1,1,1,0,17,11,0
2,0,2,2,1,1,0,1,1,0,0,0,0,1,1,0,1,0,29,6,0
0,2,1,0,1,1,0,0,2,1,1,1,1,0,0,1,1,0,21,7,0
2,2,2,0,0,1,1,0,0,0,1,0,2,1,0,1,0,0,23,10,0
3,1,0,0,1,1,0,1,1,1,0,0,2,1,1,0,1,1,15,2,1
0,2,1,1,0,1,1,0,0,1,1,0,0,0,1,1,0,1,30,12,1
2,0,1,2,0,1,1,1,0,0,1,0,2,0,0,1,1,1,25,7,1
1,0,0,0,0,0,1,1,1,1,1,1,1,0,0,1,0,1,7,3,1
0,0,2,1,1,0,0,1,1,0,0,0,1,0,0,1,1,1,26,3,1
2,2,2,2,0,0,1,1,2,1,0,1,2,1,1,0,1,0,27,8,0
0,2,1,2,1,0,0,1,1,0,0,1,2,0,0,0,1,0,22,9,0
1,2,0,2,0,1,1,0,0,1,1,1,0,1,0,0,1,0,17,8,0
0,2,1,1,0,1,0,0,0,0,0,0,0,0,0,1,0,1,36,5,1
3,1,0,0,1,1,0,1,2,0,1,0,1,1,0,0,0,0,23,11,0
4,1,1,0,1,1,2,0,1,1,1,1,1,1,0,0,0,0,36,10,0
3,0,2,1,1,0,1,0,0,0,0,1,0,0,0,0,0,1,18,3,1
3,0,2,1,1,0,2,1,0,0,0,0,1,1,0,0,1,1,13,11,1
1,0,1,0,0,1,2,0,2,1,1,0,2,0,1,0,0,1,0,13,1
1,1,2,0,0,1,0,0,2,1,0,1,0,1,0,1,0,1,6,13,1
3,2,0,2,1,1,0,1,0,1,1,1,2,1,1,1,1,1,35,3,1
3,2,0,0,1,0,0,1,1,0,1,0,0,1,1,1,0,1,38,13,1
0,1,2,2,0,1,0,0,1,1,0,1,0,0,1,1,0,0,3,2,0
2,1,0,1,1,0,2,0,1,1,1,0,0,1,1,0,0,0,20,3,0
4,0,2,1,0,1,2,1,0,1,1,1,2,0,0,1,1,0,14,2,0
1,0,1,0,1,0,1,1,2,1,1,0,2,0,1,0,0,0,19,7,0
3,0,1,1,0,0,1,0,0,0,1,0,0,0,1,0,1,1,19,9,1
3,1,2,1,1,1,1,1,0,0,1,1,1,1,1,0,1,1,8,7,1
2,0,1,1,1,1,1,1,2,1,0,0,1,1,0,0,0,0,37,6,0
3,1,0,1,1,0,2,1,0,1,0,0,0,1,0,0,1,1,27,9,1
1,0,0,0,0,1,2,1,1,0,1,0,1,0,0,1,1,1,19,0,1
3,1,1,1,1,1,0,0,1,1,1,0,0,1,1,1,0,0,15,14,0
3,0,1,0,0,0,1,0,2,1,1,0,2,1,0,1,1,0,22,4,0
3,2,1,2,1,1,0,0,1,0,0,0,0,1,1,0,0,1,27,0,1
0,2,1,1,1,0,2,1,0,0,1,0,0,1,0,0,0,0,18,8,0
0,0,2,1,0,1,2,0,2,1,1,0,1,0,0,1,0,0,36,2,0
4,2,2,2,0,1,1,1,1,0,1,1,2,0,1,1,1,1,14,12,1
3,0,2,1,1,0,1,1,2,0,0,1,2,0,1,0,0,1,36,1,1
4,1,2,2,0,1,1,0,1,0,1,1,2,1,1,0,1,0,8,13,0
1,2,0,2,1,0,0,0,2,0,0,0,0,1,0,0,1,0,28,8,0
0,1,2,1,1,0,0,0,2,1,0,1,1,0,1,0,1,0,0,5,0
3,0,0,2,1,0,1,1,2,0,0,1,0,1,0,0,0,0,10,8,0
1,0,2,2,0,1,0,1,1,1,0,0,0,1,1,1,1,1,21,2,1
1,1,2,0,0,0,0,1,2,1,1,1,1,1,1,1,0,0,13,0,0
0,1,1,0,1,1,0,0,1,1,0,1,2,1,1,1,0,1,13,4,1
2,2,0,2,1,0,2,0,1,1,0,0,0,1,1,1,1,0,21,10,0
3,0,0,0,1,0,0,1,1,0,1,0,2,0,1,1,0,1,0,6,1
3,2,1,0,0,1,0,1,2,1,0,0,1,1,1,0,1,1,9,14,1
3,0,1,0,1,0,2,0,2,0,1,0,2,0,0,1,0,0,0,10,0
0,0,1,1,0,0,1,0,0,1,0,0,1,1,1,0,1,1,25,14,1
1,1,2,0,0,1,1,0,2,1,0,1,2,0,0,1,1,0,4,7,0
4,0,1,0,0,1,2,1,1,1,0,1,0,1,0,1,1,0,9,5,0
1,1,1,2,1,1,0,0,0,1,1,1,1,1,1,1,1,0,34,11,0
3,1,0,0,0,1,0,1,2,0,1,1,1,0,1,0,1,1,32,14,1
4,0,0,2,0,0,0,0,2,1,0,1,1,1,0,0,1,1,28,9,1
2,2,0,2,0,1,1,0,1,0,1,1,0,1,1,1,1,1,37,12,1
4,1,0,2,1,1,1,0,1,1,1,1,0,1,1,0,0,0,5,3,0
4,1,2,0,1,1,2,0,1,1,1,1,0,0,0,0,1,0,36,7,0
0,0,2,0,1,1,1,0,0,1,0,1,0,1,1,1,1,1,30,11,1
1,0,1,0,0,1,0,0,2,1,0,1,2,1,0,1,0,0,29,9,0
0,2,0,1,1,0,0,0,2,1,0,1,0,1,1,1,1,0,16,11,0
0,0,1,0,1,1,0,1,2,0,0,0,1,0,0,0,0,1,2,4,1
2,1,0,2,0,0,1,1,0,1,1,0,2,1,0,1,1,0,32,3,0
1,0,1,1,0,1,2,1,2,0,0,0,0,0,0,0,1,1,25,7,1
2,1,2,2,0,1,1,0,2,1,1,1,1,1,0,0,1,1,8,12,1
4,2,2,0,1,0,0,1,2,1,0,1,1,0,0,0,0,1,31,11,1
2,2,0,1,0,1,0,0,0,1,0,0,0,1,1,1,0,0,28,6,0
4,2,0,1,1,0,2,1,1,1,1,1,1,1,0,0,0,0,28,13,0
0,0,0,0,1,1,0,1,2,0,0,0,1,1,0,0,0,1,12,13,1
0,1,2,0,1,1,2,1,2,0,1,0,1,1,1,1,1,0,20,8,0
4,1,0,2,0,1,1,0,0,1,0,0,0,0,0,0,0,1,34,11,1
4,0,0,0,0,0,0,0,2,0,0,0,2,1,1,1,1,1,36,2,1
3,2,1,1,1,0,0,1,1,0,0,1,0,0,1,1,0,1,9,13,1
4,2,0,1,1,1,1,1,2,0,0,0,2,0,1,1,1,0,4,6,0
3,1,1,2,0,0,2,0,1,0,1,0,1,0,1,0,0,0,6,11,0
0,2,1,0,1,0,1,1,0,1,0,0,2,1,0,1,1,0,25,3,0
3,0,0,1,0,1,0,1,1,0,1,1,1,1,0,1,0,1,4,9,1
3,2,2,1,0,1,0,0,0,0,1,0,2,0,0,0,0,1,27,3,1
4,2,2,0,0,0,2,1,1,1,1,1,2,1,0,0,1,0,11,2,0
1,2,1,0,0,1,1,0,0,0,1,1,0,1,0,1,0,0,17,2,0
4,1,2,0,0,0,0,1,2,0,1,1,0,1,0,1,1,0,21,9,0
3,2,1,2,0,0,1,1,1,1,0,0,1,0,0,1,0,1,20,7,1
2,1,0,2,0,0,1,0,2,0,1,0,1,1,0,1,0,0,27,13,0
4,0,2,2,1,0,1,1,1,1,1,0,2,1,1,1,1,1,2,0,1
4,1,1,0,1,1,1,0,0,1,0,0,0,0,0,0,0,1,3,0,1
2,0,0,2,1,1,2,0,0,0,1,0,1,1,1,0,0,0,28,2,0
2,2,0,1,0,1,2,1,2,1,0,1,1,0,0,1,0,0,37,9,0
4,0,0,0,1,0,1,1,1,1,0,1,1,1,0,0,1,0,34,8,0
1,2,1,1,1,0,1,1,1,0,1,0,1,0,1,1,0,0,20,1,0
2,1,0,1,1,1,1,0,2,1,0,1,1,0,1,1,0,0,2,8,0
3,0,1,1,1,1,0,0,1,0,1,1,2,0,0,0,1,0,20,5,0
0,0,1,2,1,1,1,1,0,1,0,0,2,0,1,1,0,0,26,9,0
2,2,0,1,1,1,1,1,1,1,0,1,1,1,0,1,0,0,25,2,0
1,2,0,1,0,0,2,1,1,0,1,0,2,1,0,1,0,0,33,8,0
4,1,0,0,1,0,0,0,2,0,1,0,1,1,1,0,1,0,27,10,0
3,2,1,0,0,1,0,0,1,1,1,0,2,1,0,0,0,0,38,8,0
0,0,2,2,0,0,1,1,2,1,1,0,0,1,0,1,0,0,0,8,0
3,2,2,2,0,1,2,1,1,0,0,1,1,1,1,1,1,1,14,8,1
3,1,1,0,1,1,0,1,1,0,1,0,2,1,0,1,1,0,34,2,0
1,0,2,0,0,0,2,1,1,0,1,0,0,1,0,0,0,0,17,11,0
3,1,0,0,1,1,2,1,0,1,0,1,1,1,0,1,0,1,38,2,1
4,1,2,0,0,0,0,1,2,1,0,1,2,1,1,0,1,1,30,7,1
1,2,2,1,0,0,1,0,2,1,0,1,0,1,1,0,1,0,29,10,0
1,0,1,0,0,1,2,1,1,1,0,0,0,1,0,0,1,1,28,9,1
3,2,2,1,1,1,0,1,0,0,1,0,1,1,1,0,0,1,1,9,1
4,0,1,0,1,0,0,1,1,0,1,1,0,1,0,0,0,0,34,14,0
3,0,2,1,1,1,0,1,2,1,0,0,0,0,0,1,1,1,4,12,1
0,1,1,0,0,1,0,1,1,0,0,1,2,1,1,1,1,1,27,1,1
4,1,1,0,0,1,2,1,1,0,0,0,2,1,0,0,1,0,20,2,0
1,2,0,2,0,1,0,0,2,1,0,1,1,0,0,1,0,0,23,14,0
4,1,2,0,1,1,1,1,1,0,1,0,0,0,1,1,1,0,3,10,0
1,2,2,1,1,0,2,0,0,0,1,1,0,1,0,1,0,0,10,7,0
1,0,0,1,1,1,2,1,2,1,0,1,1,0,0,0,1,1,11,14,1
3,1,1,2,1,0,0,0,1,0,0,0,1,0,1,1,0,0,23,14,0
4,1,1,1,0,0,1,0,1,1,1,1,0,0,0,0,0,0,21,9,0
3,0,1,0,1,1,1,0,0,1,1,0,1,0,0,1,0,0,36,10,0
0,1,1,2,1,1,1,1,2,1,0,0,2,1,0,1,1,0,15,4,0
4,0,1,2,1,0,2,1,1,0,1,1,1,0,1,1,1,1,38,10,1
2,1,0,2,0,0,0,1,1,1,1,0,0,0,0,1,0,0,10,10,0
2,1,0,1,1,0,2,0,0,0,0,1,0,1,0,1,0,0,8,5,0
2,0,2,0,0,0,2,0,1,0,1,0,0,0,1,0,1,1,30,0,1
4,0,0,0,1,0,1,0,1,1,0,1,1,1,0,1,1,0,30,11,0
1,1,2,2,1,1,2,1,1,1,0,1,0,1,0,0,0,0,15,9,0
3,2,0,0,0,1,2,1,2,0,1,1,2,0,1,0,0,0,35,1,0
0,1,2,2,0,0,0,0,1,0,1,1,0,0,1,1,1,1,24,3,1
2,1,2,1,0,1,0,0,2,1,1,1,0,0,0,1,0,1,3,12,1
0,1,1,2,0,1,1,1,0,0,1,1,0,1,1,0,0,1,12,12,1
2,1,2,1,0,0,1,0,1,1,1,1,2,1,0,0,0,0,36,6,0
3,2,0,2,0,0,1,1,2,0,1,0,2,1,0,1,1,1,9,9,1
3,0,1,2,1,1,2,0,2,1,0,0,0,0,1,0,1,0,13,13,0
1,2,0,1,0,1,1,1,2,1,1,1,2,0,1,0,1,0,21,4,0
0,1,2,1,1,0,2,1,0,1,1,0,1,1,1,1,1,0,35,0,0
0,2,2,2,0,1,2,0,2,0,1,1,2,1,0,0,0,0,31,9,0
3,1,2,0,1,1,0,1,0,0,1,1,0,1,1,1,1,0,22,4,0
1,2,2,2,0,0,1,0,1,0,1,0,0,0,1,1,0,0,1,12,0
2,1,2,0,0,0,2,0,0,0,0,1,0,1,1,0,1,0,24,13,0
4,0,1,1,0,1,0,1,0,0,0,0,0,0,1,0,1,0,28,9,0
0,0,0,2,1,0,2,0,0,0,0,0,1,0,1,1,1,0,13,3,0
4,2,2,2,1,0,1,1,2,1,0,1,2,0,0,0,1,1,2,11,1
1,0,2,1,1,0,2,0,1,0,1,0,2,1,0,0,0,1,23,10,1
0,1,0,2,0,0,0,0,0,1,0,0,0,0,1,1,1,0,8,11,0
4,1,0,2,1,1,1,0,2,0,1,0,0,0,1,1,0,1,5,1,1
1,1,1,2,0,0,0,0,1,0,1,1,2,0,1,1,1,0,36,7,0
4,2,0,0,0,0,2,0,0,1,0,0,1,0,1,0,0,0,1,13,0
1,1,0,1,0,1,0,0,0,1,1,0,2,1,1,0,1,1,6,10,1
2,1,2,0,0,1,0,1,0,1,1,1,2,1,1,0,0,0,31,11,0
1,0,0,0,0,0,2,0,2,1,1,1,2,1,1,0,0,0,16,14,0
3,1,1,1,1,0,0,1,2,1,1,1,1,0,0,1,1,0,1,3,0
3,0,1,0,1,0,1,0,2,1,0,0,0,0,0,1,0,1,18,9,1
1,1,0,0,0,1,2,1,0,0,0,1,2,1,1,0,1,1,12,5,1
0,1,1,0,0,0,1,1,0,1,0,1,0,1,0,0,1,1,11,14,1
2,0,1,1,0,1,0,1,0,1,1,1,2,0,0,0,0,0,21,3,0
1,2,2,0,0,1,1,1,1,0,1,0,2,0,0,0,1,1,4,11,1
2,2,0,2,1,1,1,0,0,1,1,1,0,0,1,0,0,1,12,5,1
2,2,1,0,1,0,1,1,2,1,1,1,2,1,1,0,1,0,14,4,0
3,0,2,2,1,0,0,1,0,1,0,1,1,0,0,0,0,0,29,7,0
2,2,1,2,0,0,1,0,0,1,0,1,2,1,0,1,0,0,27,10,0
1,2,1,2,0,1,1,1,2,1,0,1,1,1,1,1,1,1,5,9,1
2,1,1,1,1,0,1,0,2,0,1,1,1,0,1,1,1,1,26,5,1
1,1,1,0,0,0,1,0,2,1,1,1,1,0,1,1,1,1,23,5,1
2,1,0,0,1,1,1,0,0,1,0,1,1,1,1,0,0,0,31,7,0
2,2,1,0,0,1,2,0,2,1,1,1,2,0,1,1,1,1,0,11,1
2,2,1,2,0,0,0,1,1,1,0,1,0,0,0,0,1,1,38,3,1
2,1,1,0,0,1,0,0,0,1,1,1,2,0,0,1,0,1,26,1,1
3,1,1,1,0,0,1,1,2,1,0,1,0,0,0,0,1,1,30,12,1
3,2,2,1,0,1,1,1,1,0,1,0,2,0,1,0,0,1,2,5,1
2,1,2,2,1,0,1,1,0,0,0,1,1,1,1,0,0,0,11,0,0
4,0,2,1,1,0,2,0,2,0,1,0,0,0,1,1,1,0,10,14,0
1,1,0,2,1,1,1,1,0,0,1,1,2,0,1,0,1,0,30,7,0
2,1,1,1,0,1,1,1,1,1,1,0,0,1,1,0,1,0,38,3,0
4,2,1,2,0,0,2,0,1,0,1,0,2,1,1,1,0,1,7,6,1
3,2,2,0,0,0,1,1,0,1,1,1,2,0,1,1,0,0,32,2,0
4,2,2,1,0,0,0,0,2,0,0,0,2,1,0,1,0,0,6,3,0
3,0,2,2,1,0,2,1,2,0,0,0,0,0,0,1,0,1,35,8,1
1,0,2,1,1,0,0,1,1,1,1,0,1,0,0,1,1,0,22,8,0
2,1,2,0,0,1,0,0,1,1,1,1,0,1,0,0,0,1,5,14,1
2,0,1,2,1,0,2,0,2,1,0,1,0,0,0,0,1,0,27,6,0
4,1,1,2,0,1,2,1,2,1,0,1,2,1,1,1,0,0,15,6,0
2,2,2,0,1,0,2,1,2,1,1,1,0,0,0,1,0,0,20,12,0
4,2,0,0,1,0,0,0,1,0,0,1,1,1,0,0,0,0,8,10,0
4,1,0,1,0,1,2,1,0,1,1,1,2,1,0,0,1,0,24,7,0
3,1,0,0,0,0,1,0,0,1,0,0,1,0,1,1,1,1,30,1,1
3,2,2,1,1,0,1,0,1,1,0,1,1,1,1,0,0,0,0,6,0
0,0,0,2,1,1,0,1,2,1,1,0,2,0,0,1,1,0,38,14,0
3,2,2,2,1,0,0,0,2,0,1,1,2,0,1,0,1,0,32,12,0
1,2,0,0,1,1,2,0,2,1,0,1,0,1,1,1,0,1,19,3,1
3,2,2,1,0,1,1,1,1,1,1,1,0,0,0,0,0,1,12,1,1
1,0,2,0,1,0,0,1,2,0,1,0,1,0,1,0,0,0,17,8,0
3,1,0,2,1,1,0,1,0,1,0,0,2,0,0,1,1,0,34,3,0
3,0,1,1,1,1,1,0,2,0,0,0,2,0,1,1,1,0,22,10,0
1,2,2,2,0,0,2,1,2,1,1,1,1,1,0,1,0,1,14,7,1
2,2,2,0,1,0,1,0,0,1,0,1,2,0,1,0,1,1,19,12,1
4,0,0,0,1,1,1,0,2,0,0,0,2,1,1,1,0,1,6,5,1
2,0,1,0,1,1,1,1,0,0,0,0,2,0,0,1,0,0,2,12,0
2,0,1,2,1,0,1,1,1,1,1,0,0,1,1,0,0,0,17,4,0
3,1,1,0,0,1,0,0,0,0,0,1,2,1,0,1,0,0,20,3,0
1,0,2,0,0,1,0,0,2,1,0,1,2,1,1,0,0,1,7,6,1
4,1,1,2,0,0,1,1,1,1,1,0,2,0,1,1,0,0,11,1,0
4,2,2,0,1,0,2,1,0,0,0,0,0,1,1,1,1,1,28,13,1
3,1,2,1,1,0,2,1,0,1,1,0,1,0,1,0,1,1,24,9,1
1,2,2,0,0,0,1,1,2,0,0,1,1,1,0,0,1,1,16,4,1
2,0,1,0,1,1,2,1,0,1,1,0,1,1,1,0,1,1,12,4,1
4,1,0,0,1,1,2,0,0,0,0,1,1,1,0,0,0,1,24,13,1
1,1,1,0,0,0,1,1,0,0,0,1,2,0,1,0,1,0,31,7,0
3,0,0,1,1,0,2,1,0,1,1,0,0,0,1,0,1,0,22,10,0
4,1,0,0,0,0,2,1,1,0,0,0,1,1,1,0,0,1,13,13,1
3,1,2,2,0,1,2,1,0,0,0,1,1,0,0,1,1,0,12,12,0
3,2,2,0,1,1,0,1,1,0,1,0,0,0,1,0,0,1,32,13,1
0,2,1,1,0,0,2,0,2,1,0,0,1,1,1,1,0,1,21,9,1
3,1,0,0,1,1,2,0,1,1,1,0,2,1,0,0,0,0,38,0,0
0,1,2,1,0,1,2,1,2,1,0,0,1,0,0,1,0,1,20,13,1
3,1,0,0,0,0,2,1,2,0,1,1,1,1,1,0,0,1,35,11,1
1,0,2,2,1,0,2,0,0,1,0,1,0,0,0,1,1,1,0,10,1
0,1,0,0,1,0,0,0,0,0,1,0,2,1,1,0,1,1,36,4,1
4,2,0,0,0,0,1,0,0,1,1,1,1,0,0,0,0,0,38,10,0
1,1,0,1,0,0,2,1,0,0,1,1,2,0,0,1,0,1,22,1,1
2,1,1,2,0,0,0,1,1,1,0,0,2,0,1,0,0,0,29,6,0
1,1,1,1,0,1,1,1,2,0,1,1,1,0,1,0,1,1,35,13,1
4,0,0,1,0,1,0,1,1,0,0,1,2,1,1,0,0,1,27,1,1
2,1,1,2,1,0,2,0,1,0,0,0,0,0,0,0,1,1,8,7,1
1,0,1,2,1,0,0,0,2,1,0,1,1,0,0,0,1,1,15,1,1
0,1,1,2,0,0,0,1,0,1,0,0,1,0,0,0,0,1,25,7,1
3,0,0,0,0,0,2,1,1,0,1,1,0,0,0,1,0,1,9,3,1
4,0,0,1,0,1,0,1,0,0,1,1,0,1,1,0,1,0,6,4,0
3,1,0,0,1,0,2,1,2,1,1,0,2,1,0,1,1,1,20,1,1
3,1,2,1,0,1,2,0,1,1,0,0,0,1,0,1,0,1,24,0,1
1,0,2,2,0,0,2,0,1,0,1,1,2,1,0,0,1,1,8,4,1
1,1,1,1,0,1,2,0,0,0,0,1,0,1,0,0,1,0,33,14,0
3,1,2,0,1,0,1,0,1,0,0,0,0,1,0,1,1,1,2,6,1
2,2,0,2,0,1,1,0,0,1,0,1,0,1,0,1,1,0,37,12,0
3,0,1,1,0,1,0,0,2,1,1,1,1,1,0,0,0,0,27,14,0
4,2,0,0,0,1,0,0,2,0,1,1,1,1,0,1,0,0,9,12,0
3,1,1,0,0,1,0,0,0,0,1,0,1,1,0,1,1,1,3,10,1
1,2,2,1,0,0,0,1,0,1,0,1,0,0,1,0,1,0,15,10,0
3,1,1,2,1,0,1,1,2,0,1,0,1,1,0,0,1,0,0,6,0
1,0,1,1,0,0,2,0,1,0,0,0,1,0,0,1,1,1,35,2,1
0,1,0,0,0,0,1,1,0,1,0,0,0,1,1,1,1,1,12,6,1
4,2,1,2,0,0,1,1,1,1,1,0,2,0,1,1,1,1,8,2,1
2,1,1,1,1,0,0,0,1,0,0,0,0,1,0,1,1,1,26,10,1
2,0,0,2,0,1,0,0,2,0,0,0,2,1,0,0,0,0,35,12,0
3,2,0,2,0,1,0,1,2,1,1,1,0,1,1,0,0,1,28,9,1
1,1,1,1,1,0,0,0,1,0,1,0,2,1,0,0,0,0,17,5,0
2,0,0,0,1,1,1,1,2,0,1,0,1,1,0,0,0,0,32,2,0
0,1,0,2,1,0,0,0,0,1,0,1,0,1,0,1,1,0,21,13,0
4,0,2,2,0,1,0,1,0,1,0,1,1,0,0,1,1,0,4,14,0
1,2,1,2,0,0,1,1,0,1,1,1,0,1,1,0,0,0,20,2,0
1,0,0,0,0,0,0,1,2,0,0,0,2,1,1,0,1,0,15,7,0
4,2,0,2,0,1,0,0,2,0,1,0,0,0,1,1,0,1,15,3,1
4,2,1,1,0,0,2,0,1,0,0,0,1,0,0,0,1,1,22,9,1
1,0,1,2,0,1,0,1,0,0,0,1,1,1,0,1,1,0,26,10,0
3,2,0,2,0,1,1,0,0,1,1,0,2,0,0,1,1,0,27,1,0
0,0,2,2,0,1,0,0,0,1,1,0,2,0,0,0,1,0,23,2,0
0,0,0,1,0,1,2,0,0,0,1,1,0,0,0,0,1,1,18,6,1
2,2,1,0,1,1,2,1,0,1,0,0,2,1,1,1,0,0,34,6,0
2,2,1,2,0,1,2,1,2,0,1,0,1,1,1,0,0,1,6,12,1
0,1,1,2,1,1,2,0,1,0,0,0,0,0,1,1,0,1,35,5,1
1,1,1,1,0,1,1,0,2,1,0,0,0,0,1,0,1,1,18,11,1
3,0,0,0,0,1,2,0,1,0,1,0,2,0,1,1,1,1,1,5,1
3,0,1,1,1,1,0,0,1,0,1,0,2,1,1,1,0,0,0,11,0
1,2,0,2,0,0,0,0,2,0,1,0,1,0,1,0,0,1,27,13,1
2,0,1,0,1,1,1,0,0,0,0,0,0,1,0,0,0,0,29,3,0
3,1,0,1,0,0,1,1,1,1,1,0,0,1,1,1,0,0,10,1,0
0,0,2,1,1,1,0,1,2,0,1,1,2,1,1,0,0,1,37,13,1
3,2,1,0,1,0,0,1,0,1,1,0,1,1,0,1,1,1,12,5,1
2,1,2,2,0,1,1,0,2,1,0,1,2,1,1,0,1,0,29,7,0
3,2,2,1,0,1,0,0,0,1,1,0,0,0,0,1,0,0,33,10,0
1,0,2,0,0,1,0,0,1,0,1,0,1,0,1,0,1,1,38,13,1
1,1,0,1,1,1,0,0,2,1,1,1,1,0,0,1,1,1,25,13,1
0,0,1,1,1,0,0,0,2,0,0,0,2,1,1,0,1,1,6,13,1
1,0,2,0,0,1,2,0,2,0,0,1,2,1,0,0,0,1,21,9,1
4,0,2,0,1,0,1,0,2,1,0,1,0,1,1,0,1,0,27,12,0
1,0,2,1,1,1,0,0,1,0,0,0,0,1,1,0,1,0,20,2,0
1,1,0,1,0,1,0,1,2,1,1,1,0,0,0,1,0,1,33,0,1
4,2,0,2,1,1,0,0,1,1,0,1,1,0,1,0,1,1,5,4,1
3,0,1,0,0,0,1,1,1,1,0,1,0,0,1,0,1,1,13,11,1
0,0,1,1,0,1,2,0,0,1,1,1,2,1,0,0,0,1,30,13,1
0,1,2,1,1,1,2,1,0,1,1,1,0,1,0,1,1,1,28,11,1
1,2,1,0,1,1,0,1,2,1,0,1,2,1,0,0,1,1,24,1,1
1,2,1,1,0,1,2,1,1,1,0,1,0,1,0,1,0,1,19,4,1
1,1,0,2,1,0,1,0,2,1,0,1,2,1,0,1,0,1,35,3,1
4,0,0,2,0,1,2,0,1,1,1,1,2,1,0,0,1,1,22,2,1
4,1,2,0,0,0,0,0,2,1,0,1,0,0,0,0,0,0,2,11,0
2,0,0,0,0,0,0,0,0,1,0,0,1,0,0,1,0,1,2,5,1
4,1,1,1,0,1,2,1,1,0,0,1,2,1,1,1,1,0,1,2,0
4,2,2,0,1,1,2,1,2,0,1,1,2,1,0,0,1,1,5,4,1
2,1,1,1,1,1,2,1,1,0,1,1,2,1,0,1,1,0,33,1,0
0,1,1,2,0,0,0,0,0,0,0,0,0,0,0,1,0,1,21,10,1
2,0,0,0,1,1,1,0,1,0,0,0,1,0,0,0,0,1,5,0,1
2,2,0,1,0,1,1,1,1,0,0,1,0,0,0,1,1,1,37,14,1
4,1,0,1,1,1,0,0,0,1,1,0,0,1,0,0,0,1,20,3,1
0,0,2,2,0,1,2,0,2,0,0,0,0,0,0,1,1,0,23,8,0
1,2,0,2,0,0,0,0,0,1,0,1,2,1,1,1,0,0,32,6,0
1,0,0,1,1,0,0,0,1,1,0,1,1,1,0,0,0,1,31,6,1
0,0,0,1,0,1,0,1,0,1,1,0,0,1,0,0,1,1,38,4,1
1,0,1,1,0,1,0,1,1,0,0,1,0,0,1,1,1,0,13,10,0
1,1,0,2,1,1,2,0,1,1,1,1,2,1,1,0,1,1,36,4,1
0,2,0,2,1,1,1,1,2,0,1,0,0,1,0,1,1,1,1,11,1
4,0,2,1,0,1,0,1,0,0,0,0,1,0,1,1,1,1,23,3,1
2,1,2,1,0,1,2,1,2,0,1,1,0,0,1,0,1,1,28,6,1
3,2,1,2,0,1,2,0,1,0,0,0,1,0,1,0,1,0,11,9,0
0,0,0,1,0,1,0,0,1,0,1,1,2,0,1,0,1,1,28,11,1
3,2,1,0,0,1,1,1,2,0,1,0,1,1,1,0,0,1,30,14,1
2,2,1,2,1,1,2,0,2,1,0,0,0,0,1,0,0,1,0,10,1
1,2,0,0,0,1,2,1,0,0,0,1,0,0,1,1,1,1,23,7,1
3,2,0,2,0,0,1,1,0,1,0,1,2,1,0,0,0,0,6,11,0
4,0,0,1,1,0,0,1,2,0,1,1,2,1,0,0,1,0,7,11,0
3,0,2,1,0,0,1,0,2,1,1,0,2,0,1,1,0,1,1,6,1
1,1,0,1,0,0,1,1,2,0,0,0,1,1,0,0,1,1,10,2,1
4,0,1,0,1,1,0,0,0,1,1,1,1,1,1,1,0,1,37,4,1
2,2,0,2,0,1,1,1,2,0,0,1,0,0,0,0,0,0,9,6,0
1,0,0,2,1,1,1,0,1,0,0,1,1,1,1,0,1,0,14,11,0
0,0,1,0,1,0,1,0,2,1,0,1,1,1,0,1,1,1,26,13,1
3,1,0,2,0,0,0,0,1,0,0,0,2,0,0,1,0,0,29,8,0
2,0,2,2,0,1,1,1,0,1,0,0,0,1,0,0,0,1,37,11,1
4,2,2,0,1,1,0,0,1,0,1,0,1,0,1,1,0,1,22,9,1
0,0,0,0,1,0,2,0,2,1,1,0,1,0,0,0,0,0,38,12,0
4,2,2,0,1,1,0,1,2,1,0,0,1,1,1,0,0,1,22,6,1
0,2,0,1,0,1,0,0,1,0,1,1,1,0,0,0,0,1,23,3,1
0,2,1,2,1,0,1,0,2,1,0,0,1,0,0,1,0,0,8,1,0
0,0,2,0,1,0,0,0,1,1,0,0,1,1,0,0,0,0,10,1,0
4,0,2,2,1,1,1,1,1,0,0,1,2,1,1,1,1,0,5,14,0
4,1,0,2,0,0,2,0,2,0,0,0,2,0,0,1,0,0,33,7,0
2,2,2,0,0,0,1,0,1,1,0,0,2,1,1,0,0,0,5,4,0
4,0,0,2,0,0,1,1,1,0,1,1,2,1,0,1,1,0,8,2,0
2,1,2,0,1,1,0,0,0,0,1,0,0,0,1,1,1,1,19,1,1
3,2,2,1,0,0,0,1,0,1,0,1,0,0,0,0,0,1,6,2,1
1,1,2,1,0,0,0,0,1,1,1,0,0,1,0,1,1,0,32,7,0
1,2,1,1,0,0,0,1,2,1,1,1,1,0,1,0,0,1,3,4,1
4,2,2,0,0,0,1,1,1,1,0,1,2,0,0,0,1,0,27,13,0
0,2,0,2,0,0,0,0,2,0,1,1,2,1,1,0,0,1,17,8,1
1,1,1,0,0,1,1,0,1,1,0,1,2,0,1,0,0,1,32,2,1
3,0,2,0,1,1,0,1,0,1,0,0,0,0,0,0,0,1,1,3,1
1,0,1,0,1,0,0,0,0,0,0,1,0,1,1,1,1,1,3,11,1
1,0,0,0,0,0,1,0,1,1,0,0,0,1,0,0,1,0,34,6,0
0,2,2,2,0,1,2,0,1,0,0,0,2,1,0,0,0,0,1,4,0
3,0,1,2,1,0,0,1,0,1,1,1,2,1,0,1,0,0,10,5,0
2,2,2,0,0,0,1,1,0,0,0,1,0,0,1,1,0,0,15,11,0
1,2,0,2,1,1,2,0,2,1,0,0,1,0,0,0,0,0,37,4,0
0,2,0,2,0,1,2,0,2,1,1,0,2,0,1,1,0,0,5,4,0
4,1,0,2,0,0,1,1,1,0,0,1,0,1,1,0,0,1,30,3,1
3,0,1,2,1,1,2,0,2,1,1,0,1,1,1,1,1,1,32,2,1
2,2,2,0,1,1,1,0,2,1,0,0,1,0,0,1,0,1,28,8,1
1,2,2,1,0,1,0,0,1,0,1,0,0,1,1,1,0,1,19,14,1
3,0,0,1,0,1,1,0,1,1,0,0,2,0,1,0,1,1,22,5,1
3,1,0,1,0,1,1,0,2,0,0,0,2,1,0,0,1,1,16,4,1
0,0,1,2,0,0,0,1,0,0,1,1,1,1,0,0,0,1,4,8,1
4,2,1,2,0,1,0,1,2,1,0,0,2,0,0,1,1,1,21,1,1
0,0,0,1,1,1,2,1,2,1,1,0,2,1,1,0,1,1,2,9,1
1,2,0,2,0,1,1,0,0,1,0,1,1,0,1,1,1,1,1,7,1
4,2,2,2,1,0,1,0,1,0,1,1,1,1,1,0,0,1,6,3,1
2,2,0,1,1,0,1,1,2,0,1,1,0,0,1,0,1,0,17,13,0
3,0,1,1,0,1,0,0,2,0,0,1,2,0,0,1,1,1,29,14,1
4,0,2,0,1,1,2,0,2,0,1,1,0,0,1,0,1,1,0,14,1
2,2,2,2,0,0,0,1,2,0,0,0,0,0,1,1,0,0,37,7,0
2,0,2,1,1,1,0,0,1,1,0,0,2,0,0,1,0,1,32,13,1
2,0,2,2,0,1,1,0,0,1,1,1,2,1,0,0,1,1,3,0,1
0,0,1,1,0,0,1,1,0,0,1,0,0,1,0,1,0,0,32,14,0
4,1,0,1,0,0,0,0,0,1,1,1,1,0,1,1,1,0,5,3,0
2,0,0,1,0,1,0,1,1,1,0,1,2,0,0,1,1,1,30,9,1
0,2,0,1,1,1,0,1,1,1,1,1,0,1,0,0,1,0,26,0,0
4,1,2,1,0,0,0,1,0,0,1,0,1,0,1,0,1,1,10,7,1
3,2,2,2,1,1,0,0,0,1,0,0,1,1,0,0,1,0,14,11,0
1,0,0,0,0,1,2,0,2,0,0,1,0,0,1,0,1,0,6,1,0
1,2,1,1,0,0,0,0,1,0,0,1,0,0,0,0,1,0,5,2,0
3,0,2,0,1,0,0,1,1,1,0,1,0,1,1,1,0,0,2,3,0
2,2,2,1,1,1,2,1,2,1,0,0,2,1,1,0,1,1,16,4,1
4,2,1,2,1,1,0,0,0,0,1,0,1,0,0,0,1,1,9,6,1
1,1,1,0,0,1,2,1,2,0,1,1,0,1,0,1,1,1,24,1,1
4,2,1,1,0,0,0,0,2,0,1,0,0,1,1,1,1,0,26,12,0
1,2,1,2,1,0,1,0,2,1,1,1,2,1,1,0,0,1,10,9,1
0,0,0,1,0,1,1,1,1,0,1,1,1,0,1,0,0,1,10,2,1
1,0,2,0,1,1,0,0,2,1,0,1,0,1,1,1,1,1,13,0,1
1,1,0,0,1,0,1,1,1,1,1,0,0,0,1,1,0,0,6,2,0
3,2,0,2,1,0,2,1,1,0,1,0,1,0,1,1,0,0,3,9,0
1,2,0,2,0,1,0,0,1,0,1,0,0,0,0,1,1,0,32,9,0
3,2,2,0,0,0,1,1,0,0,1,1,2,1,1,0,1,0,17,3,0
1,2,1,2,1,1,0,1,1,0,0,0,1,0,0,0,0,1,0,12,1
0,0,0,2,0,1,0,0,2,1,1,1,1,1,1,1,0,1,1,1,1
3,0,2,0,0,1,1,1,0,0,1,0,2,0,0,1,1,0,33,13,0
4,0,1,0,0,1,2,0,1,0,0,0,0,1,0,0,0,1,34,5,1
4,0,1,2,0,0,0,0,0,0,1,1,0,1,0,0,0,0,14,2,0
0,0,2,2,0,0,2,0,1,0,0,1,1,0,1,1,1,0,11,11,0
0,0,2,1,0,0,2,1,0,0,1,1,0,1,0,0,0,0,18,2,0
0,0,0,1,1,0,0,0,1,1,1,1,0,1,0,1,0,1,38,11,1
0,2,0,2,0,1,0,1,1,0,0,1,1,0,1,1,1,1,1,13,1
2,0,0,0,0,1,0,0,0,0,0,0,2,0,1,0,0,0,4,10,0
2,2,0,0,1,0,1,1,1,0,1,1,1,0,1,0,0,1,33,10,1
1,0,2,1,1,0,1,0,0,1,1,0,0,0,1,1,0,0,6,9,0
4,1,2,0,1,1,0,0,0,1,1,0,0,1,0,1,1,1,37,3,1
4,0,0,0,1,0,0,0,1,1,0,0,1,1,0,0,0,1,0,3,1
3,2,1,1,0,1,1,0,0,1,1,0,0,0,1,1,0,0,36,10,0
0,0,1,0,0,1,0,0,1,0,1,1,0,0,0,1,1,1,36,3,1
3,1,0,2,0,1,1,0,1,1,0,1,1,1,0,0,0,0,15,5,0
0,2,0,1,0,1,0,0,2,1,0,1,2,0,1,1,0,0,20,1,0
0,0,2,1,1,0,2,1,2,0,0,1,0,0,0,1,0,1,11,3,1
0,0,1,2,1,0,1,0,0,1,0,0,2,0,0,1,0,0,34,2,0
4,0,1,1,0,0,2,0,0,1,0,1,2,0,0,1,0,0,7,12,0
4,0,0,1,1,1,1,0,0,1,1,0,1,1,1,1,0,1,6,14,1
3,1,2,1,1,1,2,1,1,0,1,1,2,0,0,1,1,1,30,3,1
3,2,2,0,1,1,2,1,0,1,0,1,0,1,0,0,0,1,13,7,1
3,2,0,2,0,1,0,1,1,0,1,0,1,0,0,0,1,0,19,7,0
2,1,2,2,1,0,1,1,0,1,0,0,2,0,1,0,1,1,35,2,1
1,2,0,1,0,0,2,0,1,0,1,0,1,1,1,1,1,0,3,12,0
1,1,0,0,1,0,0,1,0,1,1,1,2,0,0,0,1,0,34,1,0
0,0,2,2,0,0,2,1,0,1,1,1,2,0,1,0,1,1,38,8,1
4,1,1,0,1,0,0,0,0,0,0,1,1,0,1,1,1,0,12,8,0
3,2,1,1,1,0,0,1,1,0,1,1,2,1,0,1,0,0,33,2,0
2,0,2,0,1,0,2,0,0,1,1,0,2,0,0,1,1,1,36,1,1
0,0,0,0,0,0,1,1,1,1,1,1,1,0,1,1,1,0,33,3,0
4,0,2,0,0,0,1,0,0,0,1,1,0,0,0,0,1,1,32,13,1
0,2,1,2,1,0,1,0,1,1,0,0,1,0,0,0,1,1,29,13,1
2,2,2,2,0,0,2,1,1,1,1,1,2,0,0,1,0,0,5,5,0
1,1,0,2,0,1,1,0,1,0,0,1,0,1,1,1,0,0,3,7,0
0,2,2,0,0,1,2,1,0,1,1,0,0,0,0,0,0,1,35,5,1
0,1,0,0,0,0,2,0,0,1,0,1,1,1,1,0,1,1,6,11,1
4,0,1,0,0,1,0,1,1,0,1,0,0,0,0,1,1,0,11,0,0
1,2,1,0,0,0,0,0,1,0,1,0,1,1,1,0,1,0,4,12,0
3,2,0,2,0,1,1,1,2,1,0,1,1,1,1,0,0,1,3,14,1
0,2,0,2,0,1,1,1,0,0,1,0,2,0,0,1,1,0,6,0,0
2,2,1,2,0,1,2,1,2,0,1,1,0,1,0,1,0,0,10,12,0
0,0,0,1,0,1,1,0,2,0,1,1,0,0,0,1,0,1,6,13,1
3,1,0,1,1,0,2,1,0,0,0,0,0,1,1,0,1,1,10,7,1
1,1,1,2,0,0,2,0,2,1,0,0,1,0,1,0,0,0,28,7,0
1,2,0,2,1,0,2,1,2,0,1,0,0,0,1,1,0,1,31,9,1
1,1,2,0,0,1,1,0,0,0,0,1,1,1,0,0,0,1,34,11,1
1,0,0,2,1,1,1,1,0,0,1,0,1,0,0,1,1,0,17,8,0
4,0,2,1,0,0,2,1,2,1,0,1,0,1,1,0,1,1,38,12,1
1,2,1,2,0,1,2,0,1,1,1,1,0,0,1,1,1,0,30,1,0
1,1,0,2,0,0,1,0,1,0,0,0,1,0,0,1,0,0,27,8,0
4,1,1,1,1,0,1,0,0,1,1,0,2,1,0,1,1,0,15,1,0
3,0,1,2,1,0,0,0,0,1,1,0,0,0,0,0,1,1,0,0,1
2,1,0,2,1,1,0,0,2,1,0,1,2,1,0,0,1,0,33,4,0
1,0,0,1,1,1,2,1,1,1,0,0,0,0,0,1,1,0,18,1,0
3,1,0,2,0,1,2,0,2,1,1,1,0,1,1,1,0,1,11,1,1
4,2,1,0,1,1,2,0,0,0,1,1,0,0,1,1,1,1,25,12,1
1,1,0,0,1,1,2,0,0,1,1,0,0,0,0,0,1,1,27,3,1
2,2,2,0,0,0,1,1,2,0,0,0,2,1,0,1,1,1,34,4,1
0,2,0,0,0,1,1,1,2,0,1,0,1,0,0,0,0,1,23,12,1
1,2,0,0,1,0,1,0,0,1,0,1,0,1,0,1,1,0,32,4,0
1,2,2,0,0,0,0,0,2,1,0,1,0,0,0,1,0,0,17,11,0
0,2,2,2,1,1,0,1,1,1,1,0,1,1,1,1,1,0,36,4,0
0,1,0,0,0,1,2,0,0,0,0,0,1,0,0,1,0,0,35,4,0
2,0,1,0,1,1,0,1,2,0,0,1,1,1,1,0,1,0,28,7,0
2,2,1,0,1,1,1,1,1,1,0,1,1,0,0,0,1,0,35,1,0
4,0,1,0,1,1,0,0,0,0,0,0,1,0,1,0,1,1,22,2,1
4,2,0,1,1,1,1,0,1,0,0,0,2,0,0,0,1,1,32,10,1
0,1,2,2,1,1,1,0,1,0,0,0,1,1,1,1,0,1,1,6,1
4,1,0,0,1,1,2,1,0,1,1,0,1,0,1,1,1,0,16,4,0
0,1,2,0,0,1,0,0,2,0,1,0,2,1,1,0,0,1,35,12,1
4,1,1,1,1,1,1,0,0,0,1,0,2,0,1,1,0,1,29,2,1
0,1,1,0,1,1,2,1,1,0,0,1,1,0,0,0,1,1,34,11,1
3,1,0,0,1,0,1,0,2,0,1,0,2,0,0,0,0,0,12,14,0
2,2,1,1,1,1,2,0,0,1,0,0,0,1,1,1,0,1,11,14,1
4,2,1,0,1,1,0,0,0,0,1,1,0,1,1,0,0,1,15,8,1
1,0,1,2,0,0,1,0,1,1,1,0,0,0,0,1,1,0,5,2,0
0,0,1,2,0,0,2,0,1,1,1,1,2,0,0,1,1,0,38,8,0
3,1,0,0,0,0,1,1,2,0,1,1,2,0,0,0,0,0,5,7,0
1,0,2,2,0,1,1,1,1,0,0,1,0,0,1,1,0,1,31,5,1
1,2,2,2,1,1,2,1,0,1,1,1,0,1,0,0,0,1,25,6,1
2,1,0,1,1,0,1,0,1,0,0,0,1,0,0,1,0,1,25,14,1
1,1,0,0,0,0,0,0,1,1,1,0,2,0,1,1,1,1,16,5,1
3,1,1,0,1,1,0,1,1,0,1,1,1,0,1,1,0,1,10,6,1
1,1,1,0,0,1,2,0,0,1,0,1,1,1,1,1,1,0,28,0,0
1,1,2,2,0,0,0,0,0,1,0,0,0,1,0,1,0,1,11,3,1
4,0,2,1,0,1,0,0,2,1,0,0,0,1,1,1,0,0,22,14,0
0,0,0,0,0,1,2,1,1,0,1,0,2,0,1,1,0,1,23,8,1
0,2,1,2,0,1,1,0,0,0,0,0,0,1,0,1,1,0,29,5,0
3,1,1,2,0,0,0,0,0,0,1,1,0,0,1,1,1,0,25,5,0
3,0,0,0,0,1,2,1,1,0,0,0,2,0,0,0,1,1,36,13,1
3,0,0,0,0,0,2,0,2,0,1,1,1,1,0,1,1,1,9,9,1
0,2,1,0,1,0,1,0,2,0,1,0,0,0,0,1,0,1,35,11,1
3,0,2,0,1,0,0,1,1,0,0,0,1,1,1,0,0,0,16,10,0
4,2,0,0,1,1,1,0,0,1,1,1,1,1,0,1,1,1,16,12,1
1,2,0,1,0,0,2,1,1,1,1,1,0,0,0,1,1,1,16,4,1
3,1,1,0,1,0,1,1,0,1,0,0,1,0,0,1,0,0,26,10,0
0,2,1,0,1,1,1,1,0,0,1,1,1,0,1,0,0,0,16,1,0
2,0,0,2,1,0,1,1,2,0,0,0,2,0,0,1,1,1,12,10,1
4,1,1,1,1,0,1,0,1,1,0,0,1,1,1,0,0,1,12,5,1
3,0,2,1,1,1,1,0,0,1,1,1,1,0,0,1,0,0,8,5,0
1,2,2,1,1,1,0,1,1,0,0,0,1,1,0,0,0,0,17,4,0
4,2,1,1,1,1,2,0,2,0,1,0,2,1,1,0,1,1,22,5,1
3,1,0,2,0,1,2,1,2,1,0,0,2,0,1,0,0,1,8,11,1
1,1,1,0,0,1,2,1,0,1,0,1,0,0,0,1,1,0,2,5,0
2,2,1,0,1,0,2,1,1,0,1,1,0,0,0,1,0,0,8,2,0
3,1,1,1,0,0,2,1,1,0,0,0,2,1,1,0,0,0,3,14,0
3,0,0,2,0,0,1,1,2,1,1,0,0,1,0,1,0,0,27,14,0
3,0,0,2,1,1,1,1,1,0,1,1,0,1,0,1,1,1,12,4,1
2,2,0,1,0,1,2,1,0,0,0,0,1,0,1,0,0,0,1,12,0
1,0,0,1,1,1,1,0,0,0,1,0,2,1,0,0,1,1,31,1,1
2,0,0,1,0,1,2,0,2,1,1,0,2,0,1,1,0,1,28,9,1
3,1,0,1,1,0,2,1,2,1,1,1,0,0,1,1,1,0,29,13,0
2,0,0,2,0,1,2,1,0,1,1,0,2,1,0,1,0,1,38,10,1
1,0,2,1,0,1,1,1,2,1,0,0,2,0,1,1,0,0,17,9,0
2,1,1,0,1,0,0,1,2,0,1,0,2,0,1,1,1,1,30,1,1
4,2,2,0,0,1,0,0,2,1,0,1,2,0,0,1,1,0,11,1,0
1,2,0,2,1,0,0,1,2,0,0,0,1,0,1,0,0,0,33,7,0
4,2,2,1,1,0,0,0,1,0,1,1,0,0,1,1,0,0,19,8,0
4,2,2,1,1,1,2,1,0,1,1,0,2,1,1,0,0,1,30,5,1
4,0,0,0,0,1,0,1,1,1,0,1,2,1,0,1,1,1,6,5,1
3,1,2,0,0,1,2,0,0,1,1,0,1,1,1,1,1,0,1,10,0
2,0,2,2,1,1,2,1,2,0,1,0,0,1,1,1,1,1,25,1,1
0,2,0,2,0,1,1,1,2,0,1,1,1,0,1,1,1,0,3,6,0
4,2,0,1,0,0,0,1,2,0,0,1,2,1,0,0,0,0,31,0,0
2,0,1,2,1,1,2,0,2,1,1,0,1,0,1,1,0,1,3,1,1
1,0,2,0,1,1,1,1,2,1,0,1,0,1,0,1,1,1,30,9,1
3,0,1,0,0,0,0,0,1,0,1,1,2,1,1,1,0,1,26,4,1
1,1,1,1,0,0,2,0,0,1,1,1,2,0,0,1,0,1,1,1,1
4,1,2,1,1,1,1,0,2,1,0,0,2,0,0,0,0,0,34,2,0
1,2,1,2,0,0,0,1,0,0,0,0,1,1,1,1,0,0,37,10,0
3,1,1,0,1,1,1,1,0,1,1,0,0,0,0,1,1,0,6,5,0
4,2,0,0,0,0,0,0,0,1,1,0,2,1,0,1,1,0,30,1,0
4,0,0,0,1,1,2,0,0,0,0,0,2,1,1,1,0,0,13,1,0
1,2,1,1,1,1,2,1,1,0,0,1,2,0,1,1,1,1,29,9,1
0,0,2,2,1,0,2,0,1,1,1,0,2,1,0,1,1,1,15,13,1
3,2,2,0,1,1,2,1,0,1,1,1,1,0,1,1,0,1,36,2,1
4,0,1,1,1,0,0,0,2,0,0,1,1,0,1,0,1,0,21,3,0
4,1,0,2,1,1,1,1,0,1,0,0,0,0,0,1,1,0,36,1,0
1,0,0,2,0,1,2,1,0,1,0,0,1,1,1,0,1,0,2,13,0
4,0,2,0,0,0,1,0,0,1,1,1,2,0,0,1,1,1,3,1,1
4,0,2,1,1,0,0,1,1,0,1,1,1,1,1,1,1,1,14,8,1
2,0,2,0,0,0,0,0,2,0,0,1,1,1,1,1,0,0,1,3,0
2,2,1,0,1,1,2,0,1,0,0,0,2,1,1,0,1,1,29,12,1
3,2,2,2,0,0,0,0,2,0,1,1,2,1,1,1,1,1,0,7,1
0,1,1,0,0,1,1,0,0,0,1,1,1,0,1,1,0,0,33,6,0
3,2,0,0,0,1,0,0,0,0,1,1,1,0,0,1,1,0,5,1,0
4,1,2,1,0,0,1,0,0,1,1,0,1,0,0,0,0,1,28,6,1
1,2,0,0,0,1,1,0,0,1,0,1,0,1,0,1,0,1,10,8,1
0,2,1,1,1,1,2,1,2,1,1,1,0,0,0,0,1,0,32,12,0
4,2,0,2,1,1,2,1,1,0,1,1,0,1,0,0,1,1,8,1,1
2,2,0,2,1,1,2,1,1,1,0,1,0,1,1,1,1,0,9,13,0
2,2,0,2,0,1,2,0,0,0,1,0,1,0,1,0,1,0,20,5,0
4,0,0,1,1,0,2,0,0,1,1,0,1,1,0,0,0,1,1,2,1
1,2,1,2,0,0,1,1,1,0,1,0,0,0,1,1,1,1,9,11,1
2,1,1,1,1,0,2,0,1,0,0,0,2,0,1,0,1,1,11,12,1
3,2,1,2,0,0,0,1,2,1,0,1,1,1,0,0,1,0,21,10,0
3,2,1,1,1,0,1,1,0,0,1,0,0,0,1,0,1,1,33,5,1
4,0,1,2,0,0,1,0,1,1,0,0,0,0,1,0,0,0,38,13,0
0,2,0,1,0,0,1,0,0,0,1,1,2,1,1,1,1,0,25,14,0
2,0,2,1,1,0,1,0,2,1,0,1,1,0,1,1,1,1,17,2,1
3,2,0,2,0,0,1,1,0,1,1,0,0,0,1,0,0,0,36,12,0
2,1,0,2,1,1,1,1,0,1,1,1,2,1,1,1,1,1,4,8,1
3,0,2,0,0,1,0,1,2,0,1,0,2,1,1,1,0,1,10,9,1
2,1,1,0,0,1,1,0,0,0,1,0,0,0,1,1,0,1,37,6,1
2,2,2,0,1,1,0,0,0,0,1,0,1,0,1,1,0,1,22,0,1
3,1,2,1,1,0,2,0,0,1,1,0,0,1,0,1,1,1,22,0,1
4,0,2,1,0,1,1,1,0,0,0,1,0,0,1,0,1,0,30,10,0
1,1,2,0,0,1,1,1,2,1,0,1,2,0,0,1,0,0,18,9,0
1,1,0,1,1,1,0,1,2,0,0,1,2,0,0,0,0,0,21,4,0
0,1,2,1,1,0,0,1,1,0,0,1,1,0,0,0,0,0,5,6,0
3,2,0,1,1,1,2,1,1,0,1,0,0,1,1,0,0,1,28,11,1
1,2,0,0,0,1,0,0,2,0,1,1,2,1,0,1,0,1,31,1,1
3,0,2,0,0,0,1,1,2,0,1,0,0,0,1,0,0,0,26,13,0
2,2,0,0,0,0,0,1,0,1,1,0,0,0,1,0,0,0,1,13,0
0,1,2,0,0,0,0,0,1,0,0,0,2,1,0,1,1,1,16,8,1
0,0,2,2,0,0,2,1,1,0,1,1,1,0,0,0,1,0,13,8,0
3,2,2,2,0,1,2,0,0,1,0,1,1,1,1,1,1,0,13,13,0
4,2,0,2,1,0,0,0,2,1,0,0,2,0,0,0,1,1,30,12,1
4,0,2,0,1,1,2,0,2,1,1,0,2,0,0,1,1,0,2,5,0
3,1,0,0,0,0,2,1,0,1,0,0,1,0,0,0,0,0,32,0,0
3,0,0,1,1,1,1,1,2,1,0,0,1,0,1,1,0,1,7,13,1
2,2,0,2,0,1,1,1,0,1,1,1,2,1,1,1,0,0,8,12,0
3,0,2,2,0,0,0,0,1,1,0,1,2,1,0,1,1,0,14,3,0
2,0,2,2,1,1,1,1,0,1,1,1,2,0,1,0,1,0,34,1,0
1,1,0,1,0,0,0,1,1,1,0,1,1,0,1,1,0,1,7,8,1
0,2,1,2,0,1,2,0,0,0,0,0,0,1,0,0,1,1,37,7,1
2,0,0,1,1,1,2,1,1,1,0,0,2,1,1,0,0,1,2,7,1
3,0,2,2,1,0,2,1,2,0,1,0,1,1,1,1,0,1,6,5,1
2,2,0,2,1,0,0,1,0,0,1,0,0,0,1,0,0,0,28,12,0
2,1,1,2,0,1,1,1,0,0,1,0,1,1,1,0,1,0,3,12,0
4,2,2,0,0,0,1,0,2,1,1,0,0,1,0,1,0,0,25,9,0
3,0,0,1,0,0,2,1,2,0,0,1,2,1,1,0,0,0,0,8,0
3,0,2,0,0,1,1,0,0,0,1,0,1,0,1,1,0,0,38,13,0
1,2,1,0,0,0,2,1,0,1,0,0,1,1,0,1,1,1,34,7,1
3,0,0,1,1,1,2,1,2,1,1,1,0,0,1,0,1,1,3,7,1
3,1,1,1,1,1,2,1,0,0,1,1,2,1,0,1,1,0,18,2,0
1,2,0,1,0,0,1,1,2,0,0,1,2,0,1,0,0,1,9,7,1
2,0,0,0,0,0,1,0,1,1,1,0,1,1,0,0,0,1,5,3,1
4,1,1,0,0,0,2,1,2,1,0,1,2,1,0,1,0,0,32,12,0
1,1,1,0,0,1,1,0,0,1,0,1,2,0,1,1,0,1,2,3,1
3,0,2,0,0,1,0,0,2,0,0,1,2,1,0,1,1,0,16,8,0
2,0,0,0,0,1,0,1,1,0,0,1,2,0,0,0,1,0,28,7,0
0,1,2,0,0,0,1,0,2,1,0,1,1,0,1,0,0,0,1,1,0
3,2,2,1,0,0,1,0,0,0,0,1,0,0,1,1,1,1,18,0,1
1,2,0,2,0,1,2,1,1,0,0,1,1,1,1,0,1,1,32,7,1
3,1,0,0,0,0,1,1,0,0,0,1,2,1,0,0,0,1,23,9,1
4,2,0,2,0,1,1,1,1,1,1,1,1,0,0,1,1,1,0,7,1
3,1,2,2,1,1,1,0,0,1,1,0,0,1,0,1,0,0,21,11,0
3,2,0,0,0,0,0,0,1,0,1,1,0,1,1,0,1,1,12,8,1
4,2,1,1,0,0,1,1,1,0,0,0,1,0,0,0,1,1,29,0,1
3,1,2,1,0,0,0,1,0,0,0,0,2,0,1,0,0,0,22,13,0
2,1,0,2,1,0,2,1,2,0,0,1,2,1,1,0,0,0,32,13,0
1,2,1,2,0,0,2,0,2,0,1,1,2,0,1,1,0,0,26,3,0
1,2,1,1,1,0,0,0,1,1,1,1,2,1,0,1,1,1,33,6,1
4,2,1,1,0,0,0,0,0,0,1,0,0,0,0,0,0,1,1,13,1
3,2,2,0,1,1,0,1,2,0,1,0,2,1,1,0,0,0,1,9,0
2,2,0,1,0,1,0,0,2,1,1,0,1,0,1,1,1,0,14,3,0
3,2,2,1,1,0,1,1,2,1,1,0,1,1,1,1,0,1,14,8,1
1,2,0,1,1,0,2,1,2,0,1,1,1,0,0,1,1,0,16,1,0
4,1,1,1,1,0,0,1,0,0,1,1,1,0,0,0,0,1,28,0,1
0,2,1,2,1,1,2,0,2,0,1,0,1,0,1,0,0,0,30,5,0
4,2,1,1,1,1,1,0,0,1,1,0,2,0,1,1,1,0,21,14,0
3,2,2,1,0,1,0,1,1,0,0,0,1,0,1,0,0,0,20,11,0
3,2,1,1,1,0,2,0,1,0,0,0,0,1,1,1,0,1,16,4,1
3,2,2,0,1,0,1,0,1,0,1,0,2,1,0,1,0,1,32,11,1
3,2,0,0,1,1,2,0,1,1,1,0,2,0,1,1,1,1,34,11,1
0,1,1,2,0,0,0,0,2,0,1,0,1,1,1,0,0,1,24,3,1
1,2,1,1,0,0,0,0,1,0,0,0,1,1,0,0,1,1,26,2,1
1,2,1,1,0,1,2,0,1,1,1,0,0,0,1,0,0,1,3,13,1
4,1,1,2,0,0,2,0,1,0,1,0,2,0,1,0,1,1,37,5,1
4,1,1,0,0,1,1,0,2,0,0,0,0,1,0,0,1,1,1,6,1
2,0,1,2,0,1,2,1,1,1,0,1,0,0,0,1,0,0,24,13,0
4,0,1,0,1,0,1,1,1,1,1,0,1,1,1,1,1,0,12,5,0
3,0,0,0,1,1,1,0,1,0,1,0,1,0,0,0,1,1,16,4,1
0,0,1,2,1,0,1,0,0,1,1,1,0,1,1,1,0,0,3,12,0
4,1,2,2,0,0,1,0,2,0,0,1,0,0,0,1,0,0,7,0,0
1,0,1,2,0,0,1,1,0,1,0,1,1,0,0,1,1,0,33,3,0
1,2,0,0,0,0,2,1,0,0,0,1,2,1,1,1,1,1,33,7,1
1,2,1,1,1,1,2,0,1,1,0,0,0,1,1,1,1,0,35,10,0
4,0,2,1,0,0,0,0,1,0,0,1,0,0,1,1,0,0,21,2,0
2,1,0,2,1,0,2,1,2,0,1,1,0,0,1,0,0,1,34,3,1
0,0,2,2,0,1,2,0,1,1,0,1,1,0,0,1,1,1,32,10,1
3,1,2,0,0,0,2,1,0,0,0,0,0,1,0,0,1,1,2,10,1
1,0,2,1,1,1,1,0,0,1,1,0,2,0,1,0,1,1,29,1,1
3,1,1,2,1,0,1,0,1,0,0,0,2,0,0,1,1,1,5,14,1
3,2,1,1,1,0,2,0,0,1,0,0,2,0,1,0,0,0,18,10,0
2,2,1,2,1,1,2,0,2,1,1,0,0,0,1,1,0,1,31,12,1
3,1,1,2,0,0,2,0,2,1,1,1,0,0,0,0,1,1,25,11,1
4,2,0,1,0,1,1,0,1,1,1,0,2,1,1,0,0,1,35,4,1
0,0,0,2,1,1,1,0,1,0,0,0,2,0,0,1,0,1,24,11,1
2,1,0,0,0,1,0,0,0,1,0,0,2,0,1,1,0,0,37,8,0
1,0,1,2,1,1,2,0,1,0,1,0,0,1,0,0,1,1,22,2,1
1,0,1,1,1,1,2,1,1,1,1,1,0,0,1,1,1,1,16,13,1
1,0,0,1,0,1,0,1,1,1,1,0,2,1,0,1,1,1,10,1,1
4,2,2,1,0,1,1,0,2,1,0,1,2,0,1,1,1,0,5,7,0
3,2,0,1,1,0,1,1,0,0,0,0,1,0,1,1,1,1,28,14,1
4,2,2,1,0,1,1,1,0,1,0,1,1,1,1,1,0,1,18,9,1
1,1,1,1,0,0,2,1,1,1,0,0,1,1,0,1,1,1,31,6,1
1,1,2,1,0,1,1,1,0,0,1,0,1,0,0,1,1,1,6,7,1
3,2,1,0,1,1,0,0,0,1,0,0,1,0,0,0,1,1,29,14,1
2,0,2,2,0,1,2,0,1,1,1,0,1,0,1,1,1,0,37,1,0
2,1,2,1,1,0,1,1,0,0,1,0,0,0,1,1,1,0,11,11,0
3,2,2,1,0,1,2,1,0,1,0,1,1,1,0,1,0,1,11,11,1
0,0,0,0,0,1,2,0,0,1,1,1,0,0,1,0,1,0,32,5,0
0,0,1,1,1,1,2,1,0,0,1,1,0,1,1,0,0,1,23,1,1
0,1,1,2,0,0,1,0,0,0,0,1,1,0,1,1,1,1,26,1,1
0,0,2,0,0,0,2,1,2,1,0,0,1,1,0,1,1,1,4,11,1
2,1,2,1,0,1,2,1,1,0,1,1,1,0,0,1,1,1,10,3,1
1,1,2,2,0,0,0,1,1,0,1,0,2,0,1,1,0,1,5,13,1
4,2,1,0,1,0,1,1,0,1,1,0,2,0,1,1,0,0,24,1,0
1,2,2,0,0,1,2,1,2,0,1,1,2,1,1,1,1,0,7,7,0
1,2,2,1,1,0,1,1,2,1,0,1,1,0,0,0,0,0,33,2,0
0,2,1,1,1,1,1,1,2,1,0,1,2,1,0,0,1,0,24,6,0
4,0,2,2,0,1,1,0,1,0,1,0,1,1,1,1,1,1,30,12,1
4,1,2,2,1,0,0,0,2,0,0,0,2,1,0,1,1,1,3,11,1
3,0,0,1,1,1,2,0,2,0,1,0,2,1,1,1,0,1,29,1,1
2,1,2,0,1,1,2,1,2,1,0,1,1,0,0,1,1,0,15,4,0
4,1,2,0,0,1,2,1,0,1,1,0,2,0,0,1,0,1,27,5,1
0,0,1,0,1,0,2,0,2,1,1,1,0,1,1,0,1,1,23,13,1
0,2,1,1,0,1,1,0,0,0,0,0,1,0,1,1,1,0,18,13,0
2,2,2,2,1,0,2,1,2,1,0,1,0,0,1,0,0,0,6,2,0
3,2,2,1,1,0,2,0,2,1,1,1,1,1,1,1,0,0,0,13,0
0,1,1,1,0,0,0,0,0,0,1,1,1,1,0,0,0,1,13,3,1
1,2,1,1,0,0,1,1,2,0,0,1,0,1,1,0,0,1,26,9,1
0,2,2,1,1,1,2,1,2,1,0,0,2,0,1,1,1,0,24,3,0
4,2,1,0,0,0,1,0,2,1,1,1,2,1,1,0,1,0,21,1,0
1,2,0,0,0,1,2,1,2,1,0,1,2,1,0,1,1,0,24,10,0
1,2,1,1,1,1,0,1,2,0,1,1,1,0,1,0,1,1,36,8,1
3,2,1,1,0,0,2,1,1,1,1,1,0,1,1,1,1,1,11,1,1
3,2,2,1,1,1,2,0,0,0,1,1,1,1,1,0,1,0,33,12,0
2,0,0,1,1,1,1,0,2,0,1,0,1,1,1,0,1,1,23,11,1
1,2,2,2,0,1,0,0,1,0,0,1,2,0,1,0,1,0,13,1,0
3,2,0,1,1,1,0,1,0,0,1,0,0,1,1,0,1,0,8,6,0
3,0,0,0,0,1,0,0,0,1,0,0,1,1,1,1,1,1,19,1,1
0,2,2,0,1,0,1,1,2,0,0,0,0,0,1,1,0,0,10,8,0
4,1,2,2,1,0,1,0,1,0,1,1,1,1,0,0,0,0,32,7,0
3,1,2,0,1,0,1,0,2,0,0,0,0,1,1,0,1,0,32,1,0
2,2,2,2,1,0,0,0,0,1,1,1,2,0,1,1,1,1,12,4,1
1,0,2,1,0,1,0,1,0,1,1,0,2,0,1,0,0,0,36,8,0
3,2,1,1,1,1,0,0,0,0,0,1,2,0,0,0,1,1,30,7,1
3,2,2,1,0,1,2,1,2,0,1,0,2,1,0,1,1,1,33,3,1
1,1,1,1,0,0,1,1,2,1,0,0,2,1,0,0,0,0,7,10,0
2,0,1,2,0,1,1,1,0,0,0,1,2,1,1,1,1,1,8,4,1
0,2,0,1,1,0,2,1,1,1,1,0,2,0,1,1,0,0,14,6,0
4,2,0,1,0,0,2,0,2,1,1,1,1,1,0,1,0,0,30,5,0
2,2,2,0,1,0,0,1,0,0,1,1,2,0,1,1,1,0,35,13,0
4,0,0,0,1,0,0,0,0,0,0,1,2,0,1,1,1,0,6,14,0
3,1,0,0,1,0,2,1,0,0,1,1,1,1,0,0,1,0,14,13,0
4,0,2,0,0,0,0,0,0,0,1,1,1,0,0,0,0,1,16,11,1
0,0,1,1,1,0,0,1,1,1,1,1,2,1,1,0,1,0,35,8,0
1,0,0,0,0,1,1,1,2,1,0,0,2,1,1,0,0,1,5,7,1
4,1,0,1,0,0,1,1,2,0,0,1,2,1,1,1,1,1,2,4,1
3,1,0,2,0,0,2,1,1,0,0,0,2,0,0,1,1,1,10,12,1
4,1,2,2,1,0,1,1,0,0,0,1,2,1,0,1,0,1,13,4,1
0,2,0,0,1,0,2,0,2,1,1,0,2,1,1,0,0,1,28,9,1
3,1,1,1,0,0,1,0,2,0,1,1,0,0,0,0,1,1,28,0,1
3,2,1,1,1,0,1,0,0,1,0,1,2,1,1,1,1,1,36,4,1
4,0,0,1,0,0,1,0,1,1,1,0,0,1,0,0,1,0,23,2,0
2,0,0,2,1,0,0,1,1,0,0,1,0,1,0,0,0,1,9,6,1
0,0,0,2,0,1,1,0,0,1,1,0,0,1,0,0,1,0,15,9,0
4,1,0,2,0,0,0,0,1,0,0,1,0,0,1,1,1,0,31,1,0
1,0,1,2,0,0,1,1,0,0,1,1,2,1,0,0,1,1,11,8,1
3,0,0,1,1,0,0,0,1,1,1,0,0,1,0,0,1,1,8,14,1
3,1,1,2,0,0,1,0,1,1,0,0,0,1,0,1,1,1,16,4,1
2,1,2,0,0,0,1,0,2,0,1,0,1,1,0,1,0,1,28,4,1
3,2,0,2,0,0,2,1,1,1,0,0,0,0,1,0,0,0,14,10,0
4,0,2,1,0,0,2,0,2,0,1,1,2,1,0,0,1,0,25,11,0
4,0,0,2,0,1,2,1,0,0,0,1,2,1,1,0,0,1,27,6,1
0,1,2,1,1,1,2,1,1,1,0,1,1,0,0,0,0,1,2,12,1
0,2,0,1,1,0,2,1,0,0,1,0,2,0,0,0,0,0,18,8,0
2,0,1,1,1,1,2,0,2,1,1,1,0,1,1,0,1,0,34,1,0
3,2,0,2,1,0,1,0,1,0,1,0,1,1,0,0,0,1,16,7,1
0,1,0,2,1,0,0,1,2,0,1,0,0,1,0,0,1,1,13,11,1
2,1,0,1,1,1,1,0,2,0,1,1,2,0,0,1,1,0,37,10,0
4,1,2,2,1,0,2,0,0,0,1,0,1,1,0,0,0,1,14,14,1
3,0,1,2,1,0,2,0,1,0,1,1,0,0,1,0,0,1,8,11,1
4,2,0,2,0,0,2,1,2,0,1,1,1,1,1,1,0,0,18,5,0
2,2,2,0,0,1,0,0,1,0,0,0,2,1,1,0,1,0,26,6,0
4,1,1,0,0,0,0,1,1,0,1,0,0,0,1,0,1,0,19,6,0
4,1,1,2,1,0,0,1,2,0,0,1,1,1,1,0,1,1,20,0,1
1,0,2,1,0,1,2,1,1,1,1,1,2,0,1,1,0,0,14,11,0
3,0,0,1,0,1,0,1,2,1,0,1,2,0,1,0,0,1,25,11,1
4,2,1,1,0,1,2,1,0,0,0,0,0,1,1,1,0,1,19,4,1
0,1,1,0,0,0,1,0,1,0,1,0,0,1,0,1,0,1,1,2,1
4,2,0,0,0,0,0,0,0,0,1,1,0,1,0,0,1,0,18,13,0
0,0,1,0,0,1,1,0,2,1,1,0,0,0,0,1,0,0,35,7,0
4,2,0,0,0,0,2,1,0,0,1,1,2,1,0,0,0,1,17,11,1
3,2,0,0,1,1,2,0,2,1,0,1,0,0,0,0,1,0,37,5,0
0,0,2,1,0,1,2,0,0,1,1,1,0,1,1,0,1,0,31,13,0
2,2,1,0,1,1,2,0,0,0,0,0,0,1,1,1,0,1,18,13,1
3,2,2,2,0,1,1,0,0,0,0,0,2,1,0,0,0,1,18,1,1
1,2,2,0,0,0,0,0,2,0,1,1,0,1,0,1,0,1,4,4,1
1,1,2,0,1,0,0,1,2,1,1,1,1,0,1,1,0,0,30,9,0
0,0,1,0,0,1,0,0,0,1,0,0,1,1,0,1,1,1,14,14,1
1,0,1,1,1,0,2,1,1,1,0,0,0,1,0,1,1,0,38,5,0
3,2,2,0,0,1,0,0,0,0,1,1,2,1,0,0,1,0,9,14,0
0,2,1,0,0,0,0,1,1,0,0,1,1,1,1,1,1,0,28,3,0
2,1,1,2,1,0,1,0,0,1,0,0,2,1,1,1,0,1,8,14,1
3,1,1,1,0,1,0,0,2,0,0,0,2,0,1,0,0,1,12,1,1
4,1,0,2,1,0,2,0,1,0,1,0,0,1,1,1,1,1,5,10,1
4,0,0,1,1,1,0,0,0,1,1,1,1,1,1,0,0,0,28,6,0
2,2,1,1,1,0,1,0,0,0,0,0,1,0,1,1,1,0,6,3,0
4,1,0,0,1,1,0,0,1,1,0,0,1,1,0,0,0,1,30,9,1
3,1,1,0,0,1,2,1,0,0,1,0,2,0,1,1,0,1,26,10,1
0,2,2,0,1,0,1,0,0,1,1,1,2,0,0,1,0,1,35,11,1
1,1,0,0,0,1,2,0,1,1,1,0,0,1,0,1,1,0,27,4,0
1,1,1,1,1,1,2,0,2,1,1,1,1,1,1,0,1,1,16,3,1
0,1,2,1,1,0,1,0,2,1,0,0,2,0,0,1,1,1,23,9,1
0,0,0,2,0,0,2,0,0,0,1,1,2,0,1,1,0,0,26,9,0
3,2,2,0,1,1,0,0,1,1,1,0,0,0,1,1,1,1,3,5,1
3,1,0,1,0,0,2,0,1,0,1,1,2,0,1,0,1,0,37,0,0
4,2,1,1,1,0,0,1,2,0,1,0,2,0,0,0,1,1,37,11,1
2,1,0,0,1,1,2,1,2,0,0,1,1,0,1,1,0,0,29,4,0
3,2,1,1,1,1,2,1,0,1,0,1,1,0,1,1,0,0,1,9,0
0,0,1,0,1,1,2,1,1,0,0,1,0,0,1,1,0,0,32,4,0
0,2,1,2,1,1,2,0,0,1,1,0,1,1,0,1,1,1,0,10,1
4,1,0,0,0,1,2,1,0,1,1,1,0,1,1,0,1,1,33,11,1
1,1,1,0,0,1,2,0,2,0,0,0,2,1,1,1,0,1,22,5,1
4,0,1,2,0,0,1,0,2,1,1,1,1,0,1,1,1,1,7,5,1
2,0,1,2,0,0,1,0,1,0,1,0,1,0,0,0,0,1,28,1,1
4,1,1,0,0,0,1,0,0,1,0,0,1,0,1,1,1,0,26,2,0
4,2,2,1,0,1,0,0,1,0,1,0,0,0,1,1,1,0,22,6,0
3,1,1,1,0,0,1,0,0,1,0,1,2,0,1,0,0,0,21,6,0
1,0,2,1,1,0,0,1,0,1,1,0,0,1,1,1,0,1,7,10,1
4,0,1,1,1,0,2,1,1,0,0,1,1,1,0,0,0,0,18,10,0
4,2,0,1,1,0,1,0,0,0,1,1,2,0,0,0,1,0,2,5,0
4,2,0,1,0,0,1,0,0,0,1,0,1,1,0,0,0,1,9,2,1
0,0,0,2,0,1,1,0,2,0,1,0,0,0,1,1,0,0,10,2,0
2,0,1,2,0,0,2,1,1,0,1,1,2,0,0,0,0,0,14,10,0
2,0,1,2,1,1,0,1,2,0,0,0,2,0,1,1,0,0,17,3,0
1,0,1,1,1,0,0,0,1,0,0,1,1,0,0,1,0,1,27,0,1
2,2,0,2,0,1,0,1,1,0,0,1,2,1,0,1,0,0,14,9,0
3,0,0,2,0,0,2,0,1,1,1,1,2,1,1,1,0,1,9,10,1
4,1,0,0,0,0,2,0,1,0,1,0,2,0,0,0,0,0,5,1,0
4,2,1,1,1,0,2,1,0,0,1,0,0,0,1,0,1,0,29,8,0
1,0,0,2,1,0,0,1,2,1,1,0,0,0,0,0,0,1,25,5,1
1,1,0,1,1,1,0,1,2,1,0,1,0,0,1,1,1,0,25,9,0
4,1,1,1,0,0,0,1,1,1,1,0,0,0,1,0,0,0,14,5,0
1,0,2,2,0,1,1,0,2,1,0,0,1,0,0,0,0,0,28,1,0
0,0,0,0,0,0,2,1,0,1,0,0,1,1,0,0,1,1,4,10,1
4,2,1,1,0,1,1,1,0,1,0,1,2,1,1,1,1,1,20,10,1
2,0,1,1,1,0,1,0,0,0,0,0,0,0,0,0,0,1,33,12,1
2,2,0,1,0,0,1,1,1,1,0,0,0,1,0,0,0,1,13,3,1
0,0,0,1,1,1,1,1,1,0,0,1,2,0,1,1,1,1,3,0,1
2,0,0,0,1,1,2,1,2,1,0,0,1,1,0,0,1,1,16,12,1
1,0,0,0,0,0,2,1,2,0,1,1,2,1,0,0,1,1,14,14,1
3,2,2,1,0,1,2,1,2,0,1,0,1,0,0,0,1,1,35,4,1
3,2,0,0,1,0,1,0,1,0,1,0,2,0,1,0,0,0,5,0,0
1,2,0,0,1,1,2,1,1,0,0,1,1,1,1,0,0,0,26,12,0
4,0,1,2,0,0,1,0,2,1,1,0,0,1,0,0,0,0,4,11,0
4,0,2,1,1,0,2,1,0,1,0,1,1,1,1,0,1,1,35,3,1
1,1,2,2,1,1,0,0,0,0,1,1,1,0,1,1,0,1,20,2,1
1,0,1,1,0,0,2,1,1,0,1,0,0,0,1,1,0,1,26,4,1
3,1,1,1,1,1,0,1,1,1,1,0,1,1,1,1,0,0,5,12,0
4,1,2,2,0,0,1,0,0,0,1,0,0,0,1,0,1,1,20,1,1
4,1,2,0,0,1,0,1,1,1,0,0,2,0,0,0,1,1,32,9,1
0,2,1,2,0,0,0,1,0,0,0,0,2,1,0,1,1,1,3,7,1
4,1,1,2,1,0,2,0,0,0,1,1,1,1,1,1,0,0,16,14,0
2,1,1,2,0,1,2,1,0,1,1,0,1,0,1,1,0,1,4,11,1
3,2,0,2,0,1,2,0,1,1,0,0,2,1,1,0,0,1,3,13,1
4,2,1,1,1,1,2,1,1,1,0,1,0,0,0,1,0,1,3,2,1
2,1,0,0,0,0,0,0,2,0,0,0,2,1,1,1,1,0,9,0,0
1,2,0,2,0,1,0,1,0,1,1,0,0,1,1,1,1,1,27,2,1
3,2,0,2,0,1,1,1,2,1,1,1,2,0,0,1,0,0,37,2,0
2,1,1,2,0,1,2,0,1,0,0,1,1,1,0,1,0,0,35,1,0
1,1,2,2,1,1,2,1,2,0,1,1,1,1,0,0,1,1,21,10,1
0,2,1,1,1,1,1,1,0,0,0,1,2,1,1,1,0,1,14,11,1
4,2,1,1,1,1,2,1,2,1,1,1,0,1,0,1,0,1,30,6,1
2,1,0,2,0,1,2,1,1,1,0,1,0,0,1,1,0,1,37,10,1
2,2,1,1,1,0,2,0,1,0,1,1,1,0,0,1,1,1,37,1,1
1,1,0,1,0,1,0,1,0,1,1,0,0,1,0,1,1,0,26,13,0
0,1,0,0,0,1,1,1,2,0,0,1,1,0,0,0,1,0,31,13,0
1,2,2,0,1,1,1,1,0,0,1,0,2,0,0,1,0,1,19,2,1
4,1,1,1,0,0,1,0,1,0,0,1,0,1,0,1,1,0,23,3,0
0,2,0,2,1,1,2,1,2,0,1,0,0,0,0,0,0,1,9,4,1
3,2,0,2,1,0,0,0,2,0,0,0,1,0,1,1,1,1,37,9,1
2,0,2,2,1,1,1,1,0,1,1,0,0,1,0,0,1,1,38,11,1
3,1,0,1,1,1,0,0,1,0,1,0,0,1,0,1,0,1,23,13,1
4,2,2,0,0,1,0,0,2,1,0,1,0,1,1,0,1,1,4,3,1
0,2,2,0,1,0,1,0,0,1,0,1,1,1,1,0,0,1,36,1,1
0,2,2,1,0,1,2,1,0,1,1,1,2,0,0,0,1,1,30,12,1
4,0,0,1,1,0,0,0,0,0,0,0,1,0,1,1,1,0,23,3,0
0,2,1,0,1,0,2,0,0,1,0,1,1,1,0,0,1,1,11,7,1
3,0,0,1,0,1,2,0,0,1,0,1,0,0,1,0,1,1,9,3,1
1,0,1,0,0,0,0,0,2,0,0,1,1,0,1,0,1,0,25,8,0
4,0,2,1,1,0,1,1,2,0,1,1,2,1,1,1,1,1,10,1,1
4,0,1,0,0,0,1,1,2,1,1,1,2,1,1,1,1,0,22,2,0
2,1,0,1,0,1,0,0,0,1,1,1,2,1,0,1,0,1,11,9,1
1,1,0,1,1,1,0,0,2,0,0,0,2,1,0,1,0,1,26,13,1
0,2,2,1,1,1,2,1,2,1,1,1,0,1,0,0,1,0,5,11,0
2,0,0,2,0,1,0,1,0,1,1,1,0,1,1,1,1,1,12,10,1
4,1,2,0,0,0,2,1,1,0,1,0,0,1,1,0,0,0,13,0,0
0,1,2,0,1,0,0,1,2,1,0,0,1,1,1,0,1,1,0,11,1
4,1,1,0,0,1,1,1,1,1,1,0,1,0,1,1,0,1,11,14,1
2,0,2,1,0,1,1,1,2,1,1,0,1,1,1,1,0,1,3,12,1
1,0,1,2,0,1,0,1,2,1,0,1,2,1,1,1,0,1,3,2,1
0,1,1,2,1,0,0,0,1,0,1,1,1,0,0,0,0,0,35,10,0
4,2,2,0,0,0,1,0,1,0,0,1,2,0,1,0,0,0,13,12,0
0,0,1,1,0,0,1,0,2,0,0,0,2,1,1,0,0,1,19,10,1
1,2,2,2,0,0,1,1,2,0,0,1,2,1,1,1,1,0,11,11,0
4,1,1,0,0,0,1,0,2,1,1,0,2,1,1,0,1,1,34,14,1
4,1,0,0,0,1,2,0,2,0,0,0,1,1,1,1,1,0,36,0,0
4,2,0,0,1,0,1,1,1,1,1,0,0,0,0,0,1,1,32,4,1
1,1,1,1,0,0,2,0,1,0,1,1,2,1,1,0,0,0,8,12,0
4,2,0,0,1,1,2,1,1,1,1,0,1,1,0,0,0,1,30,10,1
1,0,0,0,1,1,2,0,2,1,0,0,2,1,0,1,1,0,31,5,0
1,0,1,0,1,0,2,0,2,0,1,0,0,1,1,1,1,0,4,4,0
3,0,0,2,0,0,1,1,0,1,0,1,2,0,1,0,0,1,31,13,1
4,2,0,0,0,0,1,1,0,1,0,1,2,0,0,1,0,0,37,13,0
4,0,0,2,1,0,1,1,0,1,1,0,0,1,0,0,1,1,11,11,1
0,0,2,0,1,0,1,0,1,0,1,1,1,1,1,0,1,0,31,10,0
0,2,2,1,1,0,2,0,0,0,0,0,0,1,1,0,1,1,5,1,1
1,1,0,2,1,0,1,0,2,1,0,0,2,0,0,0,0,1,4,12,1
2,1,0,1,0,0,2,0,0,1,0,1,1,0,1,0,0,0,30,11,0
4,2,0,1,0,1,2,0,0,0,0,1,2,1,0,1,0,1,18,8,1
4,1,2,1,0,0,2,0,0,0,0,0,0,1,1,0,1,1,29,2,1
2,2,1,0,1,0,0,1,2,1,1,0,0,0,0,0,0,0,21,12,0
2,0,0,0,1,1,1,1,1,0,1,0,0,1,0,1,0,0,6,14,0
0,0,0,0,0,0,0,1,0,0,1,1,2,1,1,0,0,0,19,4,0
1,1,2,1,1,0,1,0,1,0,0,1,0,1,1,0,0,0,36,13,0
3,0,1,1,0,0,2,0,0,1,0,1,1,1,1,1,0,0,7,7,0
0,1,2,0,0,0,2,0,1,0,1,1,1,1,1,0,1,1,22,4,1
3,1,2,1,1,1,1,0,2,0,0,1,1,0,1,0,1,1,3,6,1
0,2,2,2,1,0,0,1,1,1,1,1,0,0,1,0,1,0,37,6,0
2,2,0,1,1,1,1,0,1,1,0,1,2,0,1,0,1,1,33,0,1
2,0,1,1,1,0,1,1,1,0,0,0,2,0,1,0,1,0,0,8,0
1,2,2,2,0,0,1,1,2,1,1,1,2,1,0,1,0,0,5,3,0
0,1,2,2,1,1,2,1,1,1,1,0,0,0,1,1,0,1,21,4,1
2,0,2,2,0,0,1,0,1,0,0,1,1,1,1,0,0,0,29,13,0
1,0,2,1,0,1,0,0,1,1,1,0,2,1,1,1,1,0,12,3,0
3,2,1,1,1,1,1,1,0,0,0,0,2,0,0,0,0,0,12,6,0
1,0,2,1,0,1,1,0,0,1,0,1,2,1,0,1,0,1,28,3,1
3,2,0,1,0,0,0,1,2,1,0,1,0,1,0,0,1,0,9,9,0
0,2,0,2,1,1,2,1,2,0,0,0,0,1,0,0,0,0,1,13,0
3,0,2,0,0,1,1,1,2,1,1,1,1,1,0,1,0,0,28,0,0
3,2,2,2,0,0,0,0,2,0,1,1,2,1,0,1,0,0,14,13,0
1,0,1,0,0,0,0,1,1,1,1,0,2,1,1,0,1,0,1,2,0
2,2,1,0,0,1,2,0,0,0,0,0,0,0,0,1,0,1,15,10,1
1,2,1,0,0,0,1,1,1,1,1,1,2,1,0,1,0,0,20,3,0
4,2,0,1,0,1,0,0,2,1,1,1,1,0,0,1,1,1,7,4,1
0,1,1,2,1,1,0,1,0,1,1,1,0,1,0,1,0,0,26,2,0
2,2,2,2,0,0,1,1,1,0,1,0,0,0,1,1,1,1,29,8,1
2,2,1,1,0,1,1,1,2,1,0,1,2,0,0,0,0,0,29,3,0
3,0,2,2,1,0,1,0,1,0,1,1,2,0,1,0,0,1,15,11,1
0,2,2,1,0,1,0,1,2,0,1,1,1,0,1,0,1,1,7,6,1
4,2,2,2,0,0,1,0,0,0,1,0,1,1,0,0,0,0,26,1,0
3,2,1,0,0,0,0,0,1,0,1,0,0,1,0,0,1,1,7,5,1
2,0,2,0,0,1,1,1,2,1,1,0,0,1,0,1,0,1,16,2,1
0,2,0,0,0,0,1,1,1,1,0,0,0,1,1,0,1,1,6,9,1
0,2,1,0,1,0,2,0,2,0,0,0,0,1,1,0,0,1,36,10,1
1,2,1,1,1,0,1,0,1,0,0,1,1,1,1,1,0,0,27,0,0
0,1,2,1,0,0,2,1,2,0,0,1,1,0,1,1,0,0,25,2,0
3,2,2,1,0,0,2,1,0,1,0,0,2,1,1,1,1,1,35,6,1
0,1,2,2,1,1,1,1,2,1,0,0,1,0,1,1,0,0,16,9,0
1,1,0,0,0,0,0,0,1,1,1,1,0,1,0,1,0,1,13,9,1
4,2,1,0,0,1,0,0,1,0,0,0,1,0,0,0,0,1,29,1,1
2,1,1,1,0,1,2,1,2,1,0,0,0,1,1,1,0,0,10,5,0
0,0,1,0,0,1,1,0,2,0,1,0,1,0,0,0,1,0,33,11,0
3,0,2,2,1,0,0,0,0,1,1,0,2,1,0,1,1,0,37,0,0
1,2,1,0,1,0,0,1,1,0,1,1,2,0,1,0,1,0,3,13,0
1,1,0,2,1,0,1,1,1,0,1,0,1,0,1,0,0,1,12,10,1
1,1,1,0,0,0,0,1,1,0,1,1,2,1,1,1,0,0,13,6,0
3,1,1,0,0,0,0,1,2,0,0,1,1,0,1,0,0,1,20,13,1
3,0,0,1,0,1,0,0,2,0,1,1,0,0,1,1,1,0,21,8,0
0,0,2,0,1,1,2,0,0,0,1,0,1,0,0,0,1,0,2,10,0
4,2,1,0,1,0,1,1,1,0,1,1,0,1,0,1,1,0,1,7,0
3,1,2,0,1,0,0,0,2,1,1,1,2,1,0,0,0,1,17,0,1
3,2,2,2,0,0,0,0,2,0,0,0,0,1,0,1,0,0,38,14,0
4,2,2,1,0,1,1,0,0,1,1,0,2,0,1,0,1,1,25,6,1
2,2,0,0,1,0,1,0,0,1,0,1,2,0,1,1,0,1,20,9,1
3,2,0,1,1,0,0,1,0,0,1,1,0,1,0,1,0,0,35,0,0
1,1,2,2,1,0,1,1,2,1,0,1,2,0,1,1,0,1,12,0,1
1,0,0,0,0,1,2,1,1,0,0,0,2,1,0,0,1,1,13,0,1
0,2,1,2,0,1,1,1,0,0,0,1,0,0,1,1,0,0,7,2,0
0,0,2,2,0,0,0,1,2,1,1,1,2,0,1,1,1,0,8,4,0
1,0,2,1,0,0,2,1,0,0,0,1,2,0,1,1,0,1,28,13,1
0,2,0,0,1,0,0,1,0,1,1,0,2,0,1,1,1,1,16,1,1
0,2,0,1,1,1,2,1,2,0,1,1,2,1,0,1,1,1,25,13,1
2,0,1,1,0,1,0,1,0,1,0,1,1,1,0,0,0,0,33,8,0
3,2,2,0,1,1,0,0,1,1,1,0,0,0,0,0,0,0,37,14,0
0,1,2,0,0,1,2,1,0,0,0,0,1,1,0,1,1,0,25,8,0
0,1,2,1,0,0,0,1,2,1,1,1,2,0,1,0,1,0,4,2,0
0,2,2,0,1,0,0,0,1,1,0,1,0,0,0,0,1,1,7,7,1
3,2,2,2,0,1,1,0,2,0,1,1,1,0,1,1,0,1,9,2,1
2,1,2,2,1,1,1,0,1,0,0,1,0,1,1,0,1,0,19,2,0
3,0,0,0,0,1,0,0,2,1,1,0,0,1,1,1,1,1,16,2,1
1,0,0,2,1,0,2,1,2,1,1,1,2,0,0,1,1,0,22,5,0
3,0,2,1,0,1,1,0,0,1,0,1,0,1,0,1,0,0,28,6,0
1,1,0,0,1,0,1,0,2,0,1,0,2,1,0,1,1,0,23,10,0
3,2,2,0,1,0,2,1,2,0,0,0,0,1,1,1,0,1,8,6,1
3,0,2,0,1,1,0,0,0,0,1,0,1,1,0,0,0,0,25,2,0
0,2,1,0,1,0,2,1,1,0,0,1,1,1,0,1,1,1,37,8,1
0,0,2,1,0,1,1,0,1,1,0,0,2,0,1,1,0,0,35,12,0
1,1,1,2,0,1,1,1,2,1,1,0,2,0,1,1,1,1,30,0,1
0,0,0,2,1,0,1,0,2,0,1,1,1,1,1,0,0,0,9,11,0
4,0,1,0,0,1,1,1,1,0,0,1,1,1,1,0,0,1,7,7,1
2,2,2,1,1,1,0,1,0,0,1,0,1,0,0,0,1,0,28,14,0
4,0,1,2,1,0,1,1,2,1,1,0,2,0,0,1,1,1,33,0,1
2,2,2,2,0,1,2,0,2,0,0,1,1,1,1,1,1,0,36,12,0
3,0,0,0,1,0,2,0,0,1,0,1,2,1,1,0,1,0,15,3,0
3,2,2,0,1,0,1,1,2,0,1,0,0,0,1,1,1,0,10,1,0
1,0,2,2,0,0,2,1,1,0,1,1,2,1,0,0,1,1,13,13,1
0,1,0,1,1,1,0,0,2,0,1,0,1,0,0,1,0,0,20,8,0
1,1,1,0,0,1,0,0,2,0,1,1,2,1,0,1,1,1,38,8,1
2,0,0,0,1,1,0,0,1,1,1,0,1,1,1,0,1,1,2,3,1
0,0,2,0,0,0,0,0,0,1,1,1,2,0,1,1,1,1,22,9,1
0,1,0,2,1,1,2,1,1,1,1,1,1,1,0,0,1,0,18,11,0
3,0,1,1,1,0,0,0,2,0,1,0,0,1,1,0,1,1,8,5,1
1,0,1,2,0,0,1,1,1,1,0,1,0,1,0,1,0,1,11,11,1
4,2,1,1,1,1,1,0,1,0,1,1,1,1,0,0,1,0,22,4,0
3,1,1,0,1,0,2,1,0,0,0,0,2,1,1,1,0,1,35,11,1
4,1,2,2,0,1,1,1,0,0,0,1,1,1,0,1,0,0,1,9,0
3,0,2,1,1,1,0,0,2,1,1,1,0,0,0,1,1,0,8,10,0
4,1,0,2,0,1,2,0,1,0,1,0,1,0,0,0,1,0,26,1,0
1,0,1,1,0,1,2,1,0,0,0,1,0,1,1,0,0,0,6,12,0
1,2,2,0,1,0,1,1,2,1,0,0,0,0,0,1,1,1,2,12,1
1,1,0,1,0,1,2,1,0,0,1,1,2,1,0,0,0,1,17,2,1
0,0,0,0,1,0,0,0,2,1,0,1,2,1,0,1,0,0,25,4,0
4,1,2,1,1,0,2,1,2,1,1,1,1,0,1,1,0,1,15,4,1
1,2,1,2,1,0,0,1,2,1,1,1,1,1,0,0,1,1,12,14,1
4,0,1,0,1,1,2,1,0,1,0,1,2,1,0,0,1,0,1,14,0
4,0,2,0,0,1,0,0,2,0,0,0,0,0,0,0,0,0,35,6,0
2,2,2,2,0,1,0,1,2,0,0,1,1,0,0,1,1,1,14,14,1
3,1,2,1,0,0,2,1,1,1,0,1,2,0,1,1,1,0,38,10,0
2,0,1,0,0,0,0,1,0,1,1,0,2,1,1,0,0,0,14,8,0
4,2,0,1,1,0,2,0,1,1,0,0,0,0,0,0,0,0,19,4,0
4,2,0,2,1,1,0,1,2,0,0,1,2,1,0,1,0,1,33,11,1
4,2,2,2,1,1,0,0,2,1,1,0,2,0,0,1,1,1,13,12,1
1,1,1,1,1,0,1,1,1,0,1,1,2,0,0,0,1,1,13,12,1
4,2,0,0,0,0,0,0,0,0,1,1,0,0,0,1,1,1,22,14,1
2,1,1,2,0,0,1,1,0,0,1,0,0,0,1,0,0,1,38,7,1
3,1,0,0,0,0,0,1,2,1,0,0,2,0,0,1,0,1,5,13,1
4,1,1,0,1,0,0,1,2,0,1,1,1,1,1,1,0,1,28,1,1
2,0,2,1,1,1,1,0,0,0,1,1,0,0,0,0,1,1,6,2,1
1,1,1,2,0,1,2,0,0,0,1,1,2,1,0,0,0,1,37,9,1
0,1,0,1,1,0,2,0,0,1,0,0,2,1,1,1,0,0,24,3,0
2,0,0,2,1,1,1,1,1,1,0,0,0,1,0,0,1,0,37,4,0
3,2,1,2,1,1,2,0,1,1,1,1,1,0,0,1,0,1,14,3,1
4,1,1,1,0,1,1,1,1,1,1,1,0,1,0,1,0,0,14,5,0
3,2,2,2,1,0,1,0,0,1,0,1,0,0,1,1,1,0,7,10,0
0,0,1,2,1,1,2,1,2,0,0,1,1,0,1,0,1,1,9,4,1
4,2,0,0,0,0,0,0,1,0,1,1,1,1,0,0,1,0,22,7,0
1,1,2,0,0,1,0,0,1,0,0,0,0,1,1,0,1,0,37,1,0
2,2,0,0,1,1,1,0,0,0,0,1,2,1,0,1,1,0,7,2,0
1,0,2,2,1,1,1,0,0,0,1,0,2,0,1,0,0,0,7,12,0
1,0,0,2,0,0,1,1,0,1,1,0,2,1,1,0,0,1,21,10,1
4,2,1,2,0,0,1,0,1,0,0,0,1,0,0,1,1,0,17,3,0
3,0,0,2,1,1,2,1,1,0,0,0,0,0,0,0,0,1,35,7,1
0,1,0,1,0,0,0,0,1,0,0,0,1,0,1,0,1,0,20,14,0
0,1,1,1,0,1,0,0,0,0,1,1,1,0,0,1,0,0,32,8,0
4,1,2,0,1,1,1,1,0,0,0,0,1,0,0,0,1,0,37,4,0
2,0,1,2,1,1,2,0,0,1,1,0,0,0,0,1,1,1,18,12,1
4,1,0,2,0,0,1,0,2,0,0,0,0,0,0,1,0,0,18,13,0
4,1,1,2,0,1,2,1,2,1,1,0,1,1,1,1,1,1,27,12,1
4,2,2,0,1,1,0,1,1,1,1,1,2,0,0,0,0,0,36,2,0
4,1,2,0,0,0,2,0,0,1,1,0,1,1,0,0,1,0,1,8,0
3,0,0,2,1,1,0,1,1,1,1,0,2,1,1,1,1,0,5,4,0
2,0,1,1,1,1,2,1,2,0,0,0,1,1,1,0,1,0,2,9,0
2,1,1,2,1,0,2,0,0,0,0,1,0,0,0,1,1,1,8,13,1
2,0,0,0,0,1,0,0,2,1,1,0,1,0,0,1,1,0,36,9,0
3,2,2,1,1,0,1,1,2,0,1,0,2,0,1,1,1,1,16,6,1
0,2,1,1,0,0,1,1,0,0,0,0,1,1,1,0,1,0,29,10,0
3,0,1,2,1,1,0,1,1,1,0,0,0,1,0,0,0,1,17,9,1
0,2,0,2,0,0,1,1,1,1,0,0,1,1,1,1,0,1,8,7,1
1,0,0,0,1,1,1,0,1,1,1,0,0,0,0,1,1,0,11,1,0
3,1,1,0,0,0,2,0,1,0,0,0,0,1,0,0,1,0,22,2,0
2,1,2,2,0,0,0,0,1,1,1,1,2,1,0,0,1,1,11,5,1
4,2,2,2,1,1,1,1,0,0,0,0,2,0,0,1,0,0,23,8,0
1,1,0,0,1,1,0,1,2,1,1,0,1,1,1,1,1,0,26,9,0
3,0,2,0,0,1,2,0,2,1,1,0,0,0,0,0,0,1,6,12,1
4,0,1,1,1,0,0,0,0,0,0,0,0,0,0,0,1,1,16,6,1
3,2,0,0,0,0,2,0,0,1,1,0,0,0,1,0,0,1,17,7,1
4,0,1,0,0,1,0,1,2,0,1,0,2,0,1,0,0,1,9,8,1
2,2,0,2,0,1,1,1,1,1,1,1,0,1,1,1,1,1,32,9,1
3,2,2,0,1,1,0,0,2,0,1,0,0,1,0,1,0,1,8,12,1
3,0,0,1,1,0,2,0,1,1,1,1,0,0,0,0,0,0,2,9,0
3,1,1,2,1,0,0,0,0,0,0,0,2,0,1,1,0,0,28,3,0
0,1,1,0,1,0,1,0,0,0,1,0,1,1,1,1,0,0,34,4,0
0,0,0,1,0,0,1,0,0,1,0,1,0,1,1,1,0,1,37,12,1
3,2,2,1,0,0,0,1,0,1,0,0,1,0,0,0,0,1,20,13,1
0,1,1,1,0,1,2,1,0,1,1,1,0,1,1,1,1,0,2,6,0
4,0,2,1,0,1,2,0,2,1,0,1,0,1,1,0,1,1,14,4,1
4,1,2,1,1,1,1,1,0,1,1,0,0,0,0,0,1,0,32,7,0
2,0,1,2,1,0,2,0,0,1,1,0,0,1,1,1,0,0,10,1,0
2,0,1,2,1,0,1,1,1,1,0,0,1,1,0,1,1,0,27,0,0
1,2,1,1,1,1,2,1,0,1,0,1,2,0,0,0,0,1,23,10,1
1,0,2,0,0,0,0,0,1,1,1,0,0,0,0,0,0,0,16,9,0
4,1,2,1,1,0,2,1,0,0,0,0,2,1,0,0,0,0,25,5,0
4,2,2,0,0,0,2,0,2,1,0,0,2,1,1,1,0,0,11,6,0
2,0,0,2,0,1,0,1,2,0,1,0,1,0,1,0,0,0,7,10,0
2,2,0,1,1,1,2,0,0,0,0,0,1,0,0,1,0,0,28,10,0
3,2,1,2,1,1,0,1,2,0,1,1,1,0,0,0,1,1,8,14,1
2,2,1,1,0,0,2,0,1,0,0,0,0,0,0,0,1,0,10,1,0
0,1,2,0,0,0,1,1,1,1,1,0,2,1,1,0,1,1,37,11,1
1,1,0,1,1,0,2,0,1,1,1,1,1,0,0,0,0,0,17,11,0
3,0,1,2,1,0,1,1,0,0,0,1,2,0,1,0,1,0,9,12,0
1,0,0,2,0,1,2,0,2,0,0,1,2,1,0,0,1,1,16,11,1
4,2,1,2,0,0,0,0,0,1,1,1,1,0,0,0,0,1,31,7,1
2,1,2,1,0,1,1,0,2,0,0,0,0,0,0,1,0,1,24,5,1
4,0,1,0,0,1,1,1,2,1,1,0,0,1,0,1,1,1,10,8,1
2,1,2,2,0,0,2,0,1,0,0,0,0,1,1,0,0,1,32,2,1
2,0,2,1,0,1,1,0,0,1,0,1,1,0,1,1,0,0,30,10,0
2,1,1,2,1,0,0,0,0,1,1,0,1,1,1,1,1,1,24,0,1
2,2,2,0,1,1,1,1,0,0,1,1,1,0,1,0,1,1,7,5,1
0,1,0,2,0,0,2,0,0,1,0,0,0,1,1,1,1,1,14,5,1
2,2,1,1,1,1,0,0,1,1,1,1,0,0,1,1,1,1,35,7,1
0,2,1,2,0,1,0,0,1,1,0,1,0,0,0,1,0,0,24,10,0
4,2,1,1,1,0,2,0,1,0,0,0,1,0,0,1,0,1,21,7,1
0,2,1,2,1,1,0,0,2,1,1,0,1,1,1,1,0,1,33,0,1
4,0,2,0,1,1,0,1,2,1,1,0,1,0,0,1,1,1,35,4,1
1,1,1,0,0,1,2,0,0,1,0,1,0,0,1,1,0,0,27,12,0
0,1,1,2,0,1,2,0,2,0,1,0,2,1,1,0,1,0,38,7,0
0,1,2,2,0,0,0,0,2,1,0,0,2,0,1,0,0,1,29,5,1
4,2,2,2,0,0,0,0,0,1,1,0,1,0,0,1,0,0,31,5,0
2,1,0,1,1,0,2,0,0,0,1,1,0,1,1,0,0,1,20,13,1
3,1,0,0,1,1,0,1,2,1,1,1,2,1,0,0,0,1,1,12,1
2,1,0,2,1,1,1,0,2,0,1,0,2,1,0,1,0,1,23,7,1
3,2,1,2,1,0,2,0,1,1,0,1,2,0,0,0,0,0,10,11,0
3,0,1,1,1,1,1,1,2,1,0,0,2,0,1,1,0,0,9,5,0
4,1,0,1,1,1,0,1,2,0,1,0,0,1,0,0,0,1,25,13,1
0,2,0,1,1,1,1,1,2,0,0,0,1,1,0,0,1,1,5,2,1
3,0,1,2,0,1,1,0,2,0,1,0,1,0,0,0,0,0,16,14,0
2,1,2,0,1,1,0,1,1,1,0,1,1,1,1,0,0,0,33,7,0
0,0,0,1,1,1,2,0,1,1,1,0,2,1,0,1,0,1,29,3,1
3,1,2,0,1,0,0,1,0,1,1,0,1,1,0,1,1,0,20,6,0
0,0,0,0,0,0,2,0,2,0,1,0,0,1,1,1,1,0,29,11,0
2,1,1,0,1,0,2,0,1,1,0,1,2,1,0,1,1,1,9,2,1
0,2,1,1,1,1,0,1,1,1,1,0,2,1,1,1,0,1,21,7,1
4,2,1,1,0,1,1,1,0,1,1,0,1,0,0,1,1,0,16,11,0
1,1,2,1,1,1,0,1,1,1,0,1,0,1,1,0,1,1,25,13,1
4,1,2,1,0,1,1,0,2,0,0,1,0,0,1,1,1,1,14,14,1
1,0,1,0,0,0,1,0,1,0,0,0,2,0,0,0,1,1,32,11,1
2,0,0,0,1,0,0,0,2,1,0,0,1,1,0,1,0,1,15,8,1
3,1,1,2,1,0,1,1,1,0,1,1,0,1,1,1,0,0,37,13,0
1,0,2,1,1,1,1,1,1,1,0,1,0,1,0,0,1,1,16,14,1
3,0,0,0,1,0,0,1,2,1,0,0,1,0,1,1,0,0,35,13,0
0,1,1,1,0,1,1,1,2,0,0,1,1,1,0,1,0,0,24,6,0
3,2,1,0,0,1,1,1,2,1,1,0,2,0,1,0,0,0,21,7,0
3,1,2,2,0,0,0,0,2,0,1,1,1,1,0,1,0,1,22,2,1
1,2,1,2,0,0,0,1,1,0,0,1,1,0,0,1,1,0,36,12,0
4,2,0,1,0,0,2,1,1,0,1,0,0,1,1,0,1,1,36,10,1
0,0,1,0,0,1,2,0,2,0,1,0,0,1,1,0,0,1,36,7,1
4,1,0,1,0,1,1,1,0,1,0,1,0,1,0,0,0,0,2,8,0
3,1,2,2,0,0,0,1,2,1,1,0,2,0,1,0,0,0,31,1,0
3,2,0,0,0,1,0,0,1,1,1,0,1,0,1,0,1,1,15,13,1
3,2,1,0,0,1,1,1,0,0,1,1,1,1,1,1,1,0,33,6,0
3,1,0,2,0,1,0,1,0,0,1,1,1,0,1,1,0,0,28,11,0
0,0,2,2,0,0,1,0,0,0,0,1,2,1,1,1,1,0,12,11,0
0,1,1,2,0,0,0,1,2,1,1,0,0,1,0,1,0,0,12,5,0
0,2,2,2,0,0,2,1,1,0,1,1,1,0,0,0,0,0,28,3,0
2,1,1,0,1,1,1,1,2,1,1,0,2,0,0,0,1,0,29,9,0
2,2,1,0,1,1,2,0,1,0,0,1,0,0,1,1,1,1,31,1,1
2,0,1,2,1,0,0,0,2,0,1,0,0,0,1,1,0,0,19,5,0
1,0,1,0,1,0,1,0,0,0,1,1,1,0,0,0,1,0,14,13,0
1,0,2,2,1,1,2,0,0,1,0,0,1,0,1,1,0,1,28,12,1
4,1,1,0,0,0,2,0,0,1,0,0,2,0,0,1,1,1,34,13,1
2,1,1,0,1,1,1,0,1,0,0,1,1,0,0,1,0,0,33,10,0
2,0,1,0,0,0,0,1,0,0,0,1,0,0,0,1,1,1,21,1,1
4,1,0,1,1,0,2,0,0,0,0,1,0,1,0,0,1,1,35,0,1
4,2,2,2,1,0,0,0,1,1,0,0,1,0,1,1,0,1,10,6,1
3,2,1,0,1,0,0,1,0,1,0,1,0,1,0,0,0,0,24,5,0
4,2,0,0,0,1,2,1,1,1,1,1,0,1,0,0,0,0,6,2,0
2,0,1,2,1,1,0,1,1,1,1,1,0,0,0,0,1,0,37,14,0
3,1,0,2,1,1,2,0,2,0,0,1,0,1,0,1,1,0,2,2,0
2,2,1,0,0,0,1,0,2,1,1,1,0,0,1,0,0,0,16,3,0
1,1,1,1,0,1,1,1,0,1,0,0,0,0,0,1,1,0,34,3,0
4,1,2,0,0,1,1,0,2,0,1,1,0,1,1,1,1,1,12,9,1
3,1,0,1,0,0,1,0,2,0,1,0,2,1,1,1,0,0,28,3,0
0,2,0,2,1,1,1,1,0,1,1,0,2,1,1,1,1,0,9,8,0
0,0,0,0,0,1,2,0,2,1,1,1,0,0,0,1,1,0,6,5,0
2,2,0,2,0,0,1,0,0,0,0,1,2,1,1,0,0,0,14,2,0
1,0,0,2,1,0,2,1,1,1,1,1,0,0,1,0,1,1,10,1,1
4,0,0,2,0,1,2,0,1,1,1,0,1,1,1,0,0,0,6,11,0
0,1,0,0,1,1,2,1,1,0,1,1,1,0,1,0,1,0,22,1,0
2,1,0,2,1,0,1,1,2,1,0,1,1,1,0,1,1,0,6,11,0
1,0,0,1,1,0,0,0,2,0,0,1,1,1,0,0,0,1,5,13,1
3,0,0,1,1,0,1,1,0,0,0,1,1,0,0,0,0,1,24,11,1
4,1,2,1,1,0,1,0,0,1,1,0,2,0,0,0,0,1,28,4,1
1,2,1,1,1,0,0,0,0,0,1,0,0,0,0,0,1,1,29,5,1
3,2,0,1,0,0,1,1,1,1,1,1,0,1,1,1,1,0,24,7,0
3,0,1,1,0,1,1,1,1,1,1,0,0,1,1,0,1,1,36,2,1
2,0,2,0,0,0,2,0,1,0,1,1,2,1,0,0,0,0,18,3,0
0,2,2,2,1,0,0,1,1,1,1,0,2,0,0,0,1,0,23,11,0
4,1,0,1,0,0,2,0,0,0,0,1,1,0,0,1,0,1,37,5,1
2,2,2,2,1,1,0,0,2,1,0,1,2,1,1,1,0,1,4,1,1
1,0,2,0,1,1,2,1,1,1,1,0,0,0,1,1,0,0,13,13,0
3,1,0,0,0,0,1,1,1,1,1,0,2,1,0,0,1,0,21,0,0
0,2,2,1,1,0,1,0,2,1,1,0,0,1,1,1,0,0,5,10,0
1,1,0,1,0,1,2,0,1,1,0,1,0,0,1,0,0,1,34,1,1
1,0,2,1,1,1,0,1,2,1,1,0,0,1,0,1,0,1,10,2,1
1,1,0,1,0,1,2,0,2,0,1,1,2,1,1,0,0,0,33,13,0
2,2,1,0,1,1,1,0,2,1,1,1,1,1,1,1,1,0,11,6,0
2,2,2,2,1,0,2,1,1,1,0,1,2,1,0,0,0,1,32,12,1
0,2,0,2,1,0,0,1,0,1,0,0,1,1,1,0,0,0,27,7,0
2,0,1,1,1,0,0,1,0,0,0,0,2,1,1,0,0,1,6,4,1
0,0,2,0,1,0,0,1,1,1,1,0,1,1,0,0,0,0,7,1,0
4,0,2,2,1,0,0,0,2,0,0,1,1,0,0,0,0,1,5,14,1
3,0,0,0,1,1,2,0,0,0,1,1,2,1,0,1,1,0,17,12,0
2,0,0,0,0,0,1,1,1,0,1,0,2,0,1,1,1,0,8,9,0
1,0,1,2,0,0,0,0,2,1,1,0,1,1,1,1,0,1,24,1,1
0,0,0,0,1,1,1,0,1,1,0,1,2,0,0,0,0,0,24,11,0
1,0,2,0,0,0,1,1,0,0,1,0,2,0,1,0,0,0,37,3,0
0,1,1,2,1,1,1,1,0,1,1,0,0,1,0,0,1,1,1,3,1
3,1,1,1,1,0,0,0,0,1,1,1,2,0,1,1,0,0,6,12,0
3,1,1,1,1,0,2,1,0,0,1,1,1,1,1,0,1,0,14,10,0
1,1,1,2,0,1,0,1,0,0,1,0,0,1,0,1,1,0,0,11,0
3,2,1,0,1,1,1,0,1,0,1,0,1,0,1,0,0,1,8,9,1
0,0,1,2,1,0,2,0,0,1,1,1,1,1,1,1,1,1,2,11,1
3,0,2,2,1,1,2,0,2,0,1,1,0,0,1,1,1,0,17,4,0
3,1,2,0,0,1,1,1,2,0,1,0,1,0,1,1,0,1,33,3,1
3,1,2,2,1,1,1,1,0,0,1,1,2,1,1,0,1,1,28,2,1
3,0,0,0,1,0,0,0,1,0,1,1,0,1,1,1,0,0,38,1,0
2,2,0,1,1,1,0,1,1,1,1,1,0,0,1,0,0,1,34,5,1
4,0,1,0,1,0,1,0,0,1,1,0,1,1,0,0,1,1,30,4,1
0,2,0,0,0,1,0,1,2,1,1,0,0,0,0,0,0,0,1,14,0
3,2,2,2,0,1,1,1,1,0,0,0,2,1,1,1,1,0,9,1,0
2,1,1,1,1,1,1,1,1,0,0,1,1,1,1,0,0,1,20,1,1
4,1,1,0,1,1,2,1,2,1,1,1,1,1,0,0,1,1,7,12,1
2,0,1,2,0,0,1,1,2,1,1,1,2,0,0,0,0,1,20,10,1
2,1,2,1,1,1,0,0,2,1,1,0,0,1,1,0,0,1,7,13,1
2,1,2,2,0,0,1,0,2,0,0,1,2,1,0,1,1,0,3,10,0
0,2,0,1,1,0,1,1,2,0,0,0,1,1,1,1,0,0,3,4,0
4,2,1,0,1,1,0,0,1,0,0,1,1,0,1,1,1,0,11,10,0
1,1,1,2,1,1,0,1,2,0,1,0,0,0,0,1,0,0,38,9,0
0,1,1,1,0,1,2,0,1,1,1,0,0,0,1,0,1,1,5,8,1
1,1,2,0,1,0,0,0,0,0,0,0,1,1,0,1,0,1,7,8,1
3,2,0,1,0,1,1,0,0,1,0,1,2,0,0,1,1,0,29,7,0
0,1,2,0,1,0,1,0,1,1,0,1,1,0,0,0,1,1,36,0,1
4,2,0,0,1,0,2,1,1,0,1,1,2,1,1,0,1,1,33,9,1
0,1,1,0,0,0,1,1,0,1,0,0,0,1,0,1,0,0,22,14,0
4,2,1,1,1,0,1,0,0,1,0,1,1,0,0,1,1,1,25,1,1
2,0,1,1,1,0,1,0,2,0,0,0,0,0,1,0,1,1,10,7,1
1,1,1,0,1,1,2,0,2,0,1,0,0,1,1,0,1,0,35,6,0
1,1,1,2,1,1,0,1,1,0,0,1,2,1,1,0,1,0,16,13,0
4,2,1,2,1,1,0,1,2,1,0,1,2,0,1,1,0,1,26,3,1
1,2,0,2,0,0,1,1,0,0,1,1,1,1,1,1,0,0,0,4,0
1,1,2,0,1,0,1,1,2,1,1,1,2,1,1,0,0,1,18,0,1
3,0,1,1,0,1,2,1,0,0,0,1,1,0,0,0,0,1,34,4,1
3,2,0,1,0,0,2,0,0,1,0,1,0,1,1,1,1,0,32,10,0
1,0,0,2,0,0,2,1,0,0,1,1,0,0,0,0,1,0,5,7,0
4,2,2,1,0,0,1,0,1,1,1,0,0,1,0,1,0,0,33,3,0
4,0,0,1,0,0,2,0,0,0,0,1,0,1,0,0,1,1,12,5,1
3,0,2,2,1,0,0,1,2,0,1,0,0,1,1,1,0,0,24,1,0
1,1,1,1,0,0,0,1,0,1,0,0,1,1,1,0,0,1,25,0,1
2,1,2,2,0,1,2,1,2,0,1,1,0,0,1,1,1,1,29,9,1
2,0,1,1,0,0,1,0,1,0,1,0,0,1,1,1,0,1,28,5,1
2,2,0,2,1,1,0,1,2,0,1,1,1,1,1,0,1,0,28,3,0
4,0,0,0,0,0,0,0,2,0,0,1,1,1,0,1,0,0,8,5,0
2,1,2,0,0,0,0,1,1,0,1,0,1,0,0,0,1,0,7,10,0
2,2,2,0,0,1,1,1,0,0,0,0,0,1,0,1,0,1,10,14,1
1,2,0,0,0,1,1,0,1,0,1,1,0,1,1,0,1,1,36,0,1
1,2,1,2,0,0,1,0,2,1,0,1,0,0,1,0,0,1,22,0,1
3,1,0,1,1,1,0,1,1,0,0,0,2,0,0,1,1,1,20,0,1
3,2,0,0,0,0,2,0,2,1,0,0,0,1,0,1,1,0,25,7,0
1,2,0,1,1,1,0,1,2,0,0,0,1,1,1,1,1,1,13,9,1
1,1,1,0,1,0,1,1,2,1,1,1,0,0,1,0,1,1,15,10,1
2,2,2,2,1,1,1,0,1,0,1,1,1,1,1,0,1,0,35,14,0
2,1,1,2,0,0,1,1,2,1,1,0,1,1,1,1,0,1,3,9,1
1,0,0,0,1,1,2,0,0,0,0,0,0,0,1,1,1,1,16,8,1
0,0,2,0,1,0,1,0,1,0,0,1,1,1,0,0,1,0,34,10,0
0,2,1,0,0,0,1,0,0,0,0,0,0,1,0,1,1,0,2,9,0
3,2,0,2,1,0,0,0,0,0,0,1,1,0,1,1,0,0,30,7,0
3,2,1,1,1,0,0,0,2,0,0,0,0,0,1,0,1,1,1,10,1
3,1,2,2,1,0,0,0,1,0,1,1,1,1,0,0,0,1,12,11,1
3,1,0,1,1,0,1,1,1,0,1,0,0,1,0,0,1,0,12,14,0
2,2,1,2,1,1,0,1,2,0,1,0,2,1,1,0,1,0,23,2,0
0,0,0,2,0,0,0,1,0,0,0,1,1,1,1,0,1,0,28,0,0
1,2,0,0,0,1,1,0,1,0,1,0,2,0,0,0,0,0,21,2,0
1,2,0,1,1,0,0,0,1,1,0,0,2,0,0,0,1,1,18,1,1
2,1,1,2,0,0,1,0,2,1,1,0,0,1,1,1,1,1,37,12,1
4,1,0,2,1,1,2,0,0,1,0,1,1,0,0,0,1,1,34,0,1
4,0,1,0,1,0,1,0,0,0,1,1,1,0,0,0,1,0,4,0,0
3,1,0,1,1,1,2,1,1,0,1,1,2,1,0,0,0,0,12,14,0
0,1,2,2,0,1,1,1,2,0,1,0,1,1,1,1,0,0,34,14,0
0,2,1,1,0,0,0,1,2,0,0,0,2,1,0,1,1,1,4,14,1
4,1,0,0,0,0,2,1,0,0,0,0,2,0,1,0,0,0,33,1,0
3,1,1,1,0,0,0,1,1,0,1,1,1,1,1,1,1,0,31,10,0
3,0,2,2,0,1,0,0,0,1,0,1,2,1,0,1,0,1,16,0,1
4,0,1,1,1,0,2,0,1,0,1,1,1,0,0,1,1,0,25,3,0
0,0,1,1,0,1,0,1,0,0,1,1,1,1,0,0,1,1,11,3,1
4,0,2,1,0,1,1,0,0,0,0,1,1,0,1,1,0,0,25,5,0
3,2,2,0,1,0,0,1,2,0,0,0,1,0,0,0,1,1,25,7,1
2,2,0,0,0,1,0,1,1,1,1,1,2,1,0,0,0,1,5,7,1
4,1,2,2,1,0,1,0,1,1,0,1,2,0,1,0,1,1,26,13,1
0,2,1,2,1,0,1,0,0,1,0,0,2,1,0,0,0,0,18,2,0
0,1,2,1,1,0,2,0,0,1,1,0,0,0,1,1,1,0,35,12,0
4,0,1,0,1,1,2,1,1,0,1,1,0,0,0,1,0,0,14,1,0
3,1,1,0,1,1,1,0,2,0,0,0,2,1,1,1,0,0,2,12,0
0,1,1,0,1,0,1,0,2,0,1,0,2,1,1,0,1,0,23,11,0
2,2,1,0,1,1,2,1,2,0,0,1,1,0,0,0,0,0,11,13,0
1,0,0,1,1,1,0,0,0,1,1,0,2,0,1,0,0,0,11,1,0
3,2,2,1,0,1,0,0,2,0,1,0,0,1,1,0,0,1,6,1,1
4,2,1,1,1,0,0,1,1,1,0,1,0,0,1,0,0,1,15,0,1
3,0,0,0,0,0,0,0,1,1,1,0,0,0,0,1,0,0,16,0,0
0,0,0,0,0,1,2,1,0,1,0,1,1,0,0,1,1,1,28,11,1
0,1,1,0,1,1,2,1,0,0,0,1,0,0,1,1,1,0,2,10,0
0,0,1,1,0,0,0,0,1,0,0,0,0,1,0,1,0,0,23,9,0
1,2,1,1,0,0,1,1,0,1,0,0,1,1,1,1,1,1,11,8,1
0,1,1,2,0,1,1,0,0,0,1,0,0,1,1,0,1,1,21,1,1
2,1,1,0,1,1,0,0,0,0,1,1,2,1,0,0,0,0,25,6,0
0,1,1,1,1,0,2,1,0,0,0,1,2,1,1,0,0,0,19,14,0
3,1,1,2,0,1,2,0,1,1,0,1,2,0,1,0,1,1,32,7,1
2,0,2,2,1,1,2,0,1,0,0,1,1,0,1,1,1,0,24,10,0
4,0,2,0,0,0,1,1,0,1,1,0,0,0,1,1,0,1,16,2,1
0,0,2,1,0,1,2,1,1,0,1,1,0,1,0,0,1,1,2,9,1
4,0,1,0,0,1,1,1,2,0,0,1,2,0,0,0,1,1,21,11,1
0,0,2,2,0,1,2,0,2,1,1,0,2,1,0,0,0,0,5,3,0
4,0,2,1,0,1,1,0,1,1,1,1,2,0,0,0,1,0,17,14,0
2,0,0,0,0,1,0,0,0,1,0,0,1,0,0,0,1,0,13,11,0
3,2,0,0,0,1,0,0,0,1,1,0,0,1,1,1,0,0,38,14,0
4,2,1,1,1,0,1,1,0,1,1,1,2,1,0,1,1,0,13,13,0
1,2,2,0,1,1,1,0,1,1,0,0,1,1,0,1,0,0,11,12,0
2,1,1,1,1,1,2,0,0,1,0,0,1,0,0,1,1,1,31,7,1
1,2,2,1,1,1,0,1,0,0,0,0,0,0,0,0,0,1,26,0,1
2,1,2,1,0,0,2,1,1,1,0,0,1,0,1,1,0,1,24,10,1
0,2,2,2,0,0,0,1,1,0,0,1,0,1,1,0,0,0,15,12,0
0,1,0,0,1,0,2,1,2,1,0,0,0,0,1,0,0,0,0,7,0
3,2,0,1,0,0,0,0,1,1,1,1,0,1,1,0,0,1,17,12,1
0,2,1,0,1,0,1,1,1,1,0,0,2,0,0,1,0,0,32,2,0
1,0,1,1,0,1,1,1,0,1,0,0,2,0,1,1,1,0,26,14,0
4,0,0,0,0,1,1,0,2,0,1,0,1,0,0,0,0,1,23,10,1
1,0,2,0,0,1,0,0,0,0,1,0,2,0,1,1,0,1,30,2,1
0,2,2,0,0,1,1,0,1,1,0,1,0,0,0,1,1,1,14,10,1
1,0,0,2,0,0,0,0,2,1,1,1,2,0,0,1,1,1,19,12,1
3,0,2,2,1,0,1,1,0,1,0,0,0,0,0,1,1,1,30,6,1
3,1,0,2,1,0,1,0,0,0,0,0,2,1,1,0,0,0,7,12,0
3,2,1,2,0,0,2,0,0,0,0,1,0,1,1,1,0,0,29,7,0
4,1,2,0,0,1,0,1,1,1,1,0,2,1,1,0,0,1,17,11,1
0,2,0,2,0,0,1,0,0,0,1,0,2,1,0,1,0,0,8,4,0
2,0,1,1,0,1,0,1,2,1,0,1,1,1,1,0,0,1,13,8,1
0,0,1,2,1,0,1,0,1,0,1,0,0,0,1,0,1,0,17,6,0
2,0,0,0,0,1,1,0,2,1,0,0,2,1,0,0,0,0,17,7,0
4,2,0,2,1,1,0,0,1,1,0,0,0,1,1,1,0,0,4,12,0
4,0,2,1,0,0,0,1,2,0,1,0,1,1,1,1,0,1,30,9,1
4,1,1,0,1,1,1,0,2,0,1,0,2,0,1,0,1,0,10,1,0
1,2,0,2,0,1,1,0,1,0,1,0,0,1,0,1,0,0,16,7,0
1,0,1,0,0,1,0,0,2,1,1,0,0,1,1,0,0,0,3,9,0
0,1,1,1,1,1,0,1,0,1,0,1,1,0,0,1,1,0,36,2,0
1,0,1,0,0,1,2,0,2,1,0,0,2,1,1,1,0,1,29,10,1
2,1,2,1,1,1,0,1,1,0,0,1,2,1,0,1,1,0,18,8,0
3,1,0,1,1,0,1,1,1,0,1,1,0,0,1,0,1,1,5,9,1
4,2,2,0,0,0,1,1,2,0,0,0,2,1,1,1,1,1,11,1,1
3,2,2,2,0,0,2,0,0,1,1,0,1,0,1,1,0,1,13,0,1
2,1,0,2,1,1,0,0,2,0,0,0,0,1,1,1,1,1,28,1,1
1,0,0,2,0,0,1,0,0,0,1,0,1,1,1,1,1,1,19,6,1
1,0,0,2,0,1,2,1,1,1,1,0,1,1,0,1,0,0,4,6,0
1,2,1,2,1,1,2,0,2,0,1,0,0,0,0,1,0,0,1,14,0
2,2,2,0,0,0,2,1,0,1,0,1,0,0,0,1,0,0,0,8,0
2,2,2,2,1,1,1,0,0,0,0,0,2,1,0,1,1,1,22,10,1
3,1,0,0,1,1,0,0,2,0,1,1,2,1,0,0,1,0,30,9,0
2,1,1,1,0,1,2,1,2,0,0,1,1,0,1,0,1,0,16,4,0
0,0,1,0,0,1,2,1,0,0,0,1,0,1,1,0,0,0,24,11,0
2,0,2,1,0,0,0,1,1,1,0,1,2,0,1,1,0,1,10,13,1
3,2,1,0,1,1,1,0,0,1,1,0,2,1,1,1,0,0,6,9,0
3,2,2,1,1,1,2,0,2,1,1,1,0,1,0,1,0,0,13,8,0
4,1,0,0,0,1,2,1,2,1,1,1,1,0,1,0,1,1,30,7,1
3,0,1,0,0,1,1,1,2,0,0,1,1,0,0,0,1,1,20,1,1
1,2,1,1,0,0,2,0,2,0,1,1,2,0,1,1,1,1,20,0,1
2,1,1,0,0,0,1,0,0,1,1,1,0,0,1,0,0,0,10,13,0
3,2,0,1,0,0,2,1,0,1,0,0,2,1,1,1,0,1,38,10,1
1,0,2,0,0,0,0,1,1,0,1,0,1,1,1,0,0,0,2,11,0
1,2,2,2,0,1,1,1,2,0,0,0,0,1,0,0,1,0,16,5,0
2,1,2,1,0,0,0,0,0,1,1,0,1,1,0,0,0,1,34,6,1
3,1,1,2,0,1,0,0,2,1,1,1,0,1,0,1,0,0,36,4,0
3,2,2,1,1,1,1,1,1,1,0,0,0,1,1,0,1,0,35,0,0
0,0,2,1,0,1,1,1,0,1,0,0,1,0,0,0,1,0,28,0,0
0,0,0,2,1,0,2,0,2,1,1,1,2,0,1,1,1,0,16,0,0
1,2,2,0,0,1,1,0,0,0,1,1,2,1,1,1,0,1,34,7,1
2,0,0,1,1,1,2,1,2,0,0,0,0,1,0,1,0,1,14,5,1
0,0,1,0,0,1,2,1,2,0,0,0,0,0,0,0,0,0,6,13,0
2,1,2,0,1,1,2,0,1,1,0,0,2,1,1,1,0,1,11,4,1
4,2,2,2,1,1,0,1,2,0,1,1,0,1,1,0,0,0,34,6,0
3,2,1,2,0,0,2,0,1,1,1,0,0,1,1,0,0,1,35,6,1
2,1,0,0,0,1,1,0,0,0,0,1,2,1,1,0,1,1,2,3,1
1,1,2,2,0,0,1,1,2,0,1,1,1,1,0,1,1,0,29,7,0
1,2,0,0,0,0,1,1,0,0,1,0,0,0,0,0,1,0,4,1,0
2,2,0,2,1,0,0,0,0,1,0,0,1,0,1,1,1,1,8,2,1
0,0,0,2,0,1,2,0,1,1,0,1,2,0,0,1,1,0,25,12,0
2,2,0,2,0,1,1,0,1,1,0,0,1,1,0,1,0,1,38,0,1
3,1,0,1,1,0,1,0,2,0,0,1,1,0,1,1,0,1,2,7,1
0,2,0,0,0,0,0,1,1,0,0,1,0,1,0,1,1,1,28,9,1
0,0,0,2,1,0,1,0,2,1,1,1,1,1,0,1,0,0,36,0,0
4,2,1,1,1,1,1,1,0,0,0,0,1,0,1,1,1,0,3,1,0
2,0,2,1,1,1,0,1,0,0,1,1,2,1,1,0,1,0,12,1,0
0,0,0,0,0,0,2,1,0,1,1,1,1,1,0,1,1,0,3,2,0
3,0,0,0,0,0,0,1,2,1,1,0,1,0,1,1,0,0,16,10,0
2,2,2,2,1,0,1,1,1,1,1,1,2,0,0,1,1,0,8,0,0
1,1,2,2,1,0,0,1,1,1,0,1,1,0,0,0,1,1,22,0,1
3,0,1,0,1,1,2,1,1,0,0,1,0,1,1,0,0,1,9,2,1
3,0,0,1,1,1,0,0,2,1,0,1,1,1,1,1,0,1,32,6,1
3,1,1,2,1,0,1,1,0,0,0,1,2,0,0,1,1,0,19,0,0
4,0,1,0,1,0,2,0,1,0,1,0,2,0,1,1,0,0,0,8,0
1,0,2,2,1,0,1,0,2,1,1,1,1,0,0,1,0,0,9,5,0
0,1,0,2,1,0,0,1,1,1,0,1,0,1,0,0,0,0,24,14,0
1,0,1,1,1,1,2,1,2,0,0,0,1,0,0,0,1,0,24,8,0
0,1,1,2,1,1,0,0,2,1,1,0,0,1,0,1,1,0,34,0,0
2,1,1,2,1,1,1,1,1,0,1,1,1,1,0,0,0,1,11,11,1
3,0,1,0,0,0,2,1,2,1,0,1,1,0,0,0,1,1,9,7,1
0,2,0,1,0,1,1,1,2,0,1,1,1,1,1,0,1,1,14,13,1
4,0,2,2,0,1,2,0,0,1,0,1,0,0,1,0,0,1,25,4,1
2,0,2,1,0,1,1,0,1,1,1,1,1,0,1,0,0,1,38,0,1
0,2,2,2,0,1,2,0,1,1,1,1,0,1,0,0,0,1,29,14,1
0,1,1,2,1,1,1,0,0,0,0,0,1,1,0,0,0,1,16,4,1
2,2,0,2,0,1,1,1,1,1,0,1,1,0,0,0,1,1,16,13,1
1,0,0,0,0,1,2,1,1,1,1,1,2,1,1,0,1,1,23,6,1
2,1,0,1,1,0,0,0,1,0,1,1,2,0,1,0,1,1,10,1,1
1,2,0,2,1,1,2,1,0,0,1,1,2,1,0,0,0,1,29,9,1
0,2,2,2,1,1,1,1,0,0,0,0,2,0,0,0,0,1,20,8,1
